ID_Pelanggan,Isi_Pesan,Label_Masalah
P-682, euy. min mau ganti nama wifi biar ga ketauan orang lain.,Ganti Password
P-364,"kak wifi saya tiba2 gaada koneksi, pas inget blm bayar tagihan mggu lalu, apa di blok?",Belum Bayar Tagihan
P-609," punten min, lagi ada gangguan di server pusat ya?",Gangguan Pusat
P-600,"A naha internet sekomplek mati? Gangguan pusat nya? tolong ya,",Gangguan Pusat
P-638,"Punten min, jaringan lagi down massal ya? Kok ga bisa kabeh. tlong.",Gangguan Pusat
P-771,"A tolong cek jaringan, wifi lemot pisan dari tadi pagi. kak,",Wifi Lemot
P-259,Min mau ubah sandi wifi nih gmn caranya ya tolong dicek ya a,Ganti Password
P-186,A punten ini router lampu nya kedap kedip ga wajar,Router Error
P-368,kak internet terisolasi ya? maaf telat bayar tagihan bulan ini,Belum Bayar Tagihan
P-028,"Ya, udah trimakasih pak",Gangguan Pusat
P-798,"A tolong optimasi jaringan, wifi di rumah lemot banget. min,",Wifi Lemot
P-428,"kak wifi mati total, kyknya blm bayar tagihan bulanan, klo dibayar skrg lgsg nyala?",Belum Bayar Tagihan
P-521,"A router saya error, ganti baru aja bisa ga? min,",Router Error
P-378,min ini wifi mati gara2 nunggak ya? klo lunasin skrg lgsg nyala ga?,Belum Bayar Tagihan
P-241,Punten a kabel internet di luar putus kayaknya lampu merah nyala tolong dicek ya a,Gangguan Pusat
P-364,"Permisi min, bade naros, upami tagihan tos dibayar naha langsung nyambung deui, euy, tolong secepatnya ya",Belum Bayar Tagihan
P-353,"Punten min wifi teu tiasa dianggo, naha bilih teu acan bayar abdi teh?",Belum Bayar Tagihan
P-191,Router nya panas banget a terus internetnya putus putus,Router Error
P-620,"A cek server pusat dong, wifi di rumah ga jalan. mohon bantuannya,",Gangguan Pusat
P-144,A lampu LOS kedap kedip merah wae ieu kumaha? tolong dicek ya a,Internet Mati (LOS)
P-653,Min tolong ganti password wifi saya biar ga dibobol orang.,Ganti Password
P-694,"Min mau ganti password wifi saya a, mohon bantuannya. mohon bantuannya,",Ganti Password
P-653,"Halo min, hoyong ganti nami sareng sandi wifi bumi, teuing, nuhun sateuacana",Ganti Password
P-224,"A minta tolong gantiin password wifi dong, ada yg numpang kayaknya",Ganti Password
P-415,"min internet putus nih, apa krn belom bayar tagihan bulan ini ya?",Belum Bayar Tagihan
P-619," min, min wifi se-rw mati semua, tolong dicek gangguan pusat bukan.",Gangguan Pusat
P-438,"kak wifi di rumah mati, kyknya belom bayar tagihan mggu kmrn, mohon dibantu",Belum Bayar Tagihan
P-433,"kak internet mati dari pagi, kyknya blm bayar tagihan bulanan, tlong dicekin",Belum Bayar Tagihan
P-676,"Punten min, cara ganti password wifi indihome gimana? euy.",Ganti Password
P-377,kak kenapa wifi saya lemot trs skrg mati? apa krn belum bayar tagihan?,Belum Bayar Tagihan
P-651,A tolong ganti password wifi saya jadi '12345678'.,Ganti Password
P-212,Punten a router restart terus dari tadi pagi,Router Error
P-380,"min tulung cek internet mati, sigana can bayar tagihan, kumaha cara bayarna?",Belum Bayar Tagihan
P-155,"A minta tolong gantiin password wifi dong, ada yg numpang kayaknya tolong dicek ya a",Ganti Password
P-945," punten min, wifi di rumah mati total lampu modem merah nih.",Internet Mati (LOS)
P-263,"Mohon maaf min, wifi teu tiasa dianggo sama sakali ti isuk kénéh, geuning, tolong dibantu ya",Internet Mati (LOS)
P-610,"Min ada kabel pusat putus ya? Sinyal ilang semua. a,",Gangguan Pusat
P-615,"A naha internet down kieu? Info gangguan pusat a. a,",Gangguan Pusat
P-671," nuhun. punten min, cara ubah password wifi dari hp gimana?",Ganti Password
P-274,A lampu LOS kedap kedip merah wae ieu kumaha?,Internet Mati (LOS)
P-387,"min wifi terisolir ya? tlong cek no pelanggan sy, kyknya blm bayar tagihan",Belum Bayar Tagihan
P-626,"Kumaha carana nya, internet di rumah abdi mati total ti tadi enjing, euy, ditunggu kabarnya",Internet Mati (LOS)
P-432,"min internet putus total, kyknya nunggak bayar tagihan deh, tlong dibantu",Belum Bayar Tagihan
P-774,"Min kenapa ya wifi saya lemot banget dari semalem? mohon bantuannya,",Wifi Lemot
P-646,"Punten, hatur nuhun upami dibantos ganti sandi wifi ayeuna, euy, mohon bantuannya",Ganti Password
P-321,"Min, jaringan hilang total, tos ti tadi isuk teu acan uih deui, pisan, hatur nuhun",Internet Mati (LOS)
P-552,"Min ada gangguan pusat ya? Temen saya juga mati wifinya. tolong ya,",Gangguan Pusat
P-128,A naha ieu wifi mati total sekomplek? tolong dicek ya a,Gangguan Pusat
P-545," mohon bantuannya, min ini router merk ini emang sering error ya? tolong ganti.",Router Error
P-763," a, punten min, wifi di rumah ngelag banget buat streaming.",Wifi Lemot
P-260,A punten ini router lampu nya kedap kedip ga wajar tolong dicek ya a,Router Error
P-019,"Ini jaringan wifi kenapa terhubung tanpa internet yah?
Sudah di cabut di pasang lagi masih sama aja",Router Error
P-706,"Punten min, ganti password wifi rumah saya dong. min,",Ganti Password
P-392,"A internet mati euy, kyknya can bayar tagihan bulanan nya?",Belum Bayar Tagihan
P-034,Abdi yeu pake data,Router Error
P-488,"Min router saya error, ip address ga dapet terus. min,",Router Error
P-141,Min tolong cekin ini kenapa tulisan nya LOS merah terus ya tolong dicek ya a,Internet Mati (LOS)
P-051,Kumh sih wifi na elor wae da bayar MH tepat waktu,Gangguan Pusat
P-162,"Sim kuring bade tumaros, koneksi wifi euweuh pisan ti tadi siang, teu acan uih, euy, mohon bantuannya",Internet Mati (LOS)
P-814," mohon bantuannya, min tolong cek kenapa wifi saya lemot banget hari ini a.",Wifi Lemot
P-342,A ini router di rumah merah terus lampu pon nya,Router Error
P-046,Asalamualaikum bang ko wf nya elor bang jaringan nya gk ada,Router Error
P-050,"Permisi min, jaringan hilang total, tos ti tadi isuk teu acan uih deui, yeuh, nuhun sateuacana",Internet Mati (LOS)
P-225,Min internet mati lampu merah di router nyala terus,Internet Mati (LOS)
P-221,Min kok hari ini jaringan lelet banget ya ga kaya biasa tolong dicek ya a,Wifi Lemot
P-126,"Mangga, sinyal wifi ical sadayana ti tadi sonten, geuning, ditunggu kabarnya",Internet Mati (LOS)
P-131,"Halo min, internet di rumah abdi mati total ti tadi enjing, euy, tolong dibantu ya",Internet Mati (LOS)
P-662," tlong. a mau ganti password wifi, tolong dibantu ya min.",Ganti Password
P-671,"Hapunten, abdi bade ganti kecap sandi wifi supados teu aya anu nunut deui, euy, hapunten ganggu",Ganti Password
P-942,"Min kabel fiber optik putus euy, lampu LOS merah terus. tlong.",Gangguan Pusat
P-097,"Kak, jaringan hilang total, tos ti tadi isuk teu acan uih deui, yeuh, nuhun pisan",Internet Mati (LOS)
P-762," a, a naha wifi lemot kieu? tolong dibantu cek a.",Wifi Lemot
P-132,A koneksi lelet banget buat buka tiktok aja susah tolong dicek ya a,Wifi Lemot
P-056,Ohhh iyaa Ms,Gangguan Pusat
P-515," tolong ya, min cek modem rumah saya, kayaknya error sistem.",Router Error
P-425,"A tulung cek internet mati, sigana can bayar tagihan bulanan abdi teh",Belum Bayar Tagihan
P-463," mohon bantuannya, min cek jaringan, router di rumah error lampu merahnya kedip cepet.",Router Error
P-005,Kapan ada jaringan nya lagi a,Router Error
P-272,"Sim kuring bade tumaros, internet di rumah abdi mati total ti tadi enjing, geuning, tolong dicek ya",Internet Mati (LOS)
P-840," punten min, wifi di rumah ngelag banget buat main ml.",Wifi Lemot
P-109,Min mau ubah sandi wifi nih gmn caranya ya,Ganti Password
P-055,"Teu ngaruh PK,..
Masi Kenehh punten🙏,..",Internet Mati (LOS)
P-150,A wifi mati ieu lampu los kedip2 ti subuh tolong dicek ya a,Internet Mati (LOS)
P-146,"Wilujeng sonten, internet lemot teuing, main game jadi lag terus, geuning, hapunten ganggu",Wifi Lemot
P-251,"Hapunten, wifi lemot pisan ti tadi enjing, susah dianggo streaming, weh, tolong dibantu ya",Wifi Lemot
P-210,Punten a kabel internet di luar putus kayaknya lampu merah nyala,Gangguan Pusat
P-178,Min ini router kok tiba tiba mati sendiri ya padahal colokan nyala,Router Error
P-834," tlong. a tolong cek jaringan, wifi lemot pisan dari tadi pagi.",Wifi Lemot
P-015,Rrouternya yg mana,Wifi Lemot
P-836, min kenapa ya wifi saya lemot banget dari semalem?,Wifi Lemot
P-667,"Punten min, mau ganti sandi wifi biar lebih cepet internetnya. tlong.",Ganti Password
P-022,punten iye wifii kunaon nya,Internet Mati (LOS)
P-054,"Assalamualaikum pak
Lagi gangguan ya
Dari abis nyala lampu wifi kedip merah",Gangguan Pusat
P-398,"A tulung cek internet rumah mati, sigana mah can bayar tagihan bulanan",Belum Bayar Tagihan
P-297,Min tolong resetin password wifi ya saya lupa passwordnya tolong dicek ya a,Ganti Password
P-003,a Ning sinyal na jore,Gangguan Pusat
P-613," tlong. punten min, ini lagi ada perbaikan kabel pusat ya?",Gangguan Pusat
P-881," tolong ya, min lampu indikator los merah kedip kedip, internet mati total.",Internet Mati (LOS)
P-735," tolong ya, punten min, ganti password wifi rumah saya dong a.",Ganti Password
P-581," kak, min wifi mati total, denger denger lagi ada gangguan massal.",Gangguan Pusat
P-749,"Min internet di rumah lambat banget, tolong dicek ya. kak,",Wifi Lemot
P-524,"A router bermasalah, sinyal wifinya ga nyampe kamar. nuhun.",Router Error
P-700," min mau ganti password wifi saya, tolong proses ya.",Ganti Password
P-650,"Min tolong ganti password wifi saya dong, udah banyak yang tau. euy.",Ganti Password
P-047,"Nuhun sateuacana, wifi teu tiasa dianggo sama sakali ti isuk kénéh, tolong dibantu ya",Internet Mati (LOS)
P-120,"Wilujeng sonten, koneksi wifi euweuh pisan ti tadi siang, teu acan uih, atuh, punten pisan",Internet Mati (LOS)
P-172,"A internet ga jalan lampu los nyala merah, ada teknisi yg bisa ngecek?",Internet Mati (LOS)
P-727," kak, punten min, mau ganti sandi wifi biar lebih cepet internetnya.",Ganti Password
P-045,"Halo min knp ya wifi kdng eror tiba² tidak ada internet lebih dri satu jam, padahal udh dibayar
Sama ada tulisan tidak ada internet",Internet Mati (LOS)
P-784,Min kenapa wifi saya lemot banget ya padahal baru bayar?,Wifi Lemot
P-594,"Mohon maaf min, lampu LOS di modem hurung beureum ti wengi tadi, atuh, tolong dibantu ya",Internet Mati (LOS)
P-420,"min internet putus total, kyknya nunggak bayar tagihan deh, bener gak min?",Belum Bayar Tagihan
P-180,Min router saya error euy ga mau konek ke hp tolong dicek ya a,Router Error
P-266,Min tolong cekin ini kenapa tulisan nya LOS merah terus ya,Internet Mati (LOS)
P-882,"A tolong kirim teknisi, lampu indikator merah (LOS) nyala. kak,",Internet Mati (LOS)
P-614," mohon bantuannya, punten min, info gangguan pusat dong, wifi mati nih.",Gangguan Pusat
P-252,A ampun ieu wifi lemot pisan buat yutuban oge muter,Wifi Lemot
P-926," min kabel kayaknya putus ketarik truk, lampu los merah.",Gangguan Pusat
P-873,"A tolong cek kabel di luar, kayaknya putus, lampu modem merah. kak,",Gangguan Pusat
P-654, euy. min cara ganti nama wifi gimana sih a? tolong a.,Ganti Password
P-167,Min speed internet kok turun banget ya tolong di refresh jaringannya,Wifi Lemot
P-391,"min mau nanya, internet mati itu krn gangguan apa krn blm bayar tagihan ya?",Belum Bayar Tagihan
P-420,"Punten, internet pareum, ari dicek sigana tunggakan tagihan acan lunas, euy, punten pisan",Belum Bayar Tagihan
P-602," a, punten min, info gangguan pusat dong, wifi mati nih.",Gangguan Pusat
P-899,"Min kabel fiber di luar putus kena dahan pohon, lampu LOS merah. nuhun.",Gangguan Pusat
P-657," a, min mau ganti nama wifi biar ga ketauan orang lain.",Ganti Password
P-389,"Punten a wifi di rumah mati, kyknya gara2 nunggak tagihan bulan kamari",Belum Bayar Tagihan
P-020,Kadang2 hilang a,Wifi Lemot
P-064,Naon nama na mg .soal ieu make data,Ganti Password
P-047,Sampe kapan itu pa bener lagih nya,Gangguan Pusat
P-697," mohon bantuannya, a mau ganti nama wifi sama password bisa ga?",Ganti Password
P-285,"Wilujeng sonten, sadayana tatangga oge ngaluhkeun wifi na mati, sigana keur gangguan, atuh, makasih sebelumnya",Gangguan Pusat
P-021,"Sore, Sy mau ganti sandi wifi bisa",Ganti Password
P-396,"kak internet putus nih, apa diisolir gara gara telat bayar tagihan?",Belum Bayar Tagihan
P-057,Kenapa jaringan nya sekarang jadi lemot ?,Router Error
P-033,Tidak ada internet terus,Internet Mati (LOS)
P-606,"A server lagi down ya? Dari tadi pagi ga bisa konek. kak,",Gangguan Pusat
P-302,"Wilujeng enjing, modem euweuh sinyal, tulisan na LOS beureum wae ti tadi, atuh, hapunten ganggu",Internet Mati (LOS)
P-791,"Min internet di rumah lambat banget, tolong direset ya. min,",Wifi Lemot
P-053,"Siang Pak,proses upgrade nya belum selesai ya?",Gangguan Pusat
P-682,"Halo min, punten bade robih password wifi, tiasa dibantos teu, geuning, hatur nuhun",Ganti Password
P-051,"Wilujeng enjing, informasi ti grup warga, jaringan keur gangguan massal sapoe ieu, punten pisan",Gangguan Pusat
P-375,"internet putus min, apa diblokir gara gara nunggak tagihan?",Belum Bayar Tagihan
P-033,Kan kemarin udah bayar,Internet Mati (LOS)
P-067,"Ti weungi tulisan na ""tidak ada internet""  Teras ""koneksi terbatas""",Router Error
P-408,"A internet mati, kyknya can bayar tagihan bulan ieu, kumaha aktifkeunna?",Belum Bayar Tagihan
P-503," tlong. min router saya error, ip address ga dapet terus.",Router Error
P-011,"Pagi pak, mau minta info kalau ganti sandi wifi gmna ya",Ganti Password
P-187,"Mangga, lampu LOS di modem hurung beureum ti wengi tadi, pisan, nuhun sateuacana",Internet Mati (LOS)
P-089,A cek dong wifi saya lemot banget padahal baru bayar tagihan tolong dicek ya a,Wifi Lemot
P-354,maaf telat bayar wifi jd mati ya? cara aktifin lg gmn?,Belum Bayar Tagihan
P-064,Mang mf kirim kata sandi abdi poho🙏🏻,Ganti Password
P-767,"Min internet di rumah lambat banget, mohon bantuannya. min,",Wifi Lemot
P-376,"A internet di rumah mati total, nembe emut can bayar bulan ayeuna hapunten",Belum Bayar Tagihan
P-005,"Iya ditunggu
Wifi engga bakalan ada jaringan lagi bukan",Router Error
P-421,"kak internet mati dari tadi siang, kyknya blm bayar tagihan bulanan, tlong cek",Belum Bayar Tagihan
P-736," tlong. punten min, minta tolong ubah nama wifi saya.",Ganti Password
P-933," nuhun. punten min, wifi mati total lampu pon merah kedip-kedip.",Internet Mati (LOS)
P-345,"Kak, internet ngadadak pareum, lampu router beureum kabeh, weh, mohon bantuannya",Internet Mati (LOS)
P-117,"Halo min, koneksi wifi euweuh pisan ti tadi siang, teu acan uih, yeuh, mohon bantuannya",Internet Mati (LOS)
P-603,"Punten min, wifi mati sekomplek, kayaknya gangguan pusat. tolong ya,",Gangguan Pusat
P-281,"Assalamualaikum a, punten ini internet mati dari pusat kah?",Gangguan Pusat
P-070,"Udah bisa a,,hatur nuhun",Ganti Password
P-397,"min wifi gak bsa konek, kyknya belom bayar tagihan bulan ini deh, bener gak?",Belum Bayar Tagihan
P-859,"Punten min, wifi mati total lampu pon merah kedip kedip nih.",Internet Mati (LOS)
P-865," euy. min lampu los merah terus dari tadi sore, tolong cek.",Internet Mati (LOS)
P-435,kak kenapa internet mati tiba2? apa krn belom bayar tagihan bulanan kak?,Belum Bayar Tagihan
P-220,"A tolong ganti password wifi rumah saya dong, ini banyak yg konek tolong dicek ya a",Ganti Password
P-146,"Kak, wifi kacida na lemot na, streaming putus-putus wae, pisan, tolong dibantu ya",Wifi Lemot
P-567," min, min cek jaringan pusat, kok mati semua pelanggan di sini.",Gangguan Pusat
P-868," tlong. min lampu los merah terus dari tadi sore, tolong cek.",Internet Mati (LOS)
P-665,"Mangga, bade ganti password wifi kusabab loba anu konek teu wios, weh, nuhun pisan",Ganti Password
P-002,"Asalamualaikum a,maaf ko WiFi yg Nurlaila ga muncul2 ya WiFi nya,yg lain pada muncul",Router Error
P-509,"A wifi bermasalah, pas dicek router indikator los padahal kabel oke. a,",Router Error
P-886,"A tolong kirim teknisi segera, internet mati lampu merah nyala. nuhun.",Internet Mati (LOS)
P-847,"A tolong cek kabel di luar, kayaknya putus, lampu modem merah.",Gangguan Pusat
P-680,"Punten min, ganti password wifi rumah saya dong. nuhun.",Ganti Password
P-491,"Punten min, router error terus pas hujan gede. tolong ya,",Router Error
P-056,Jaringan  yang di ci karae knp butut,Gangguan Pusat
P-401,"halo kak wifi terisolir ya? blm bayar tagihan soalnya kmrn, tlong dibantu",Belum Bayar Tagihan
P-053,"Malam Pak,sekarang wifi nya jadi lemot ya setelah di upgrade 🙏",Gangguan Pusat
P-066,Ohh muhun pak,Router Error
P-888," min, min kabel fiber optik putus euy, lampu los merah terus.",Gangguan Pusat
P-082,"Kak, server pusat sigana nuju perbaikan, wifi sadayana pareum, punten pisan",Gangguan Pusat
P-415,"Kak, punten upami tos dibayar ayeuna, iraha deui hurungna, euy, hatur nuhun",Belum Bayar Tagihan
P-240,Punten a wifi nya ngelag parah dipake main ML ga bisa tolong dicek ya a,Wifi Lemot
P-148,"Kak, wifi na lemot pisan dianggo kerja ti bumi, yeuh, nuhun pisan",Wifi Lemot
P-568," a, a naha internet down pisan hari ini? ada gangguan pusat ya?",Gangguan Pusat
P-326,Assalamualaikum a bisa bantu ganti nama wifi sama passwordnya sekalian?,Ganti Password
P-444,"min internet putus total, kyknya nunggak bayar tagihan deh, mohon bantuannya min",Belum Bayar Tagihan
P-063,TOS di cabut,Router Error
P-797,"Min tolong cek kenapa wifi saya lemot banget belakangan ini. mohon bantuannya,",Wifi Lemot
P-421,"Permisi min, wifi mati, sigana kusabab tagihan bulan kamari acan dibayar, ditunggu kabarnya",Belum Bayar Tagihan
P-422,min wifi terisolir ya gara2 telat bayar tagihan? cara bayarnya gmn min?,Belum Bayar Tagihan
P-278,A ampun ieu wifi lemot pisan buat yutuban oge muter tolong dicek ya a,Wifi Lemot
P-921," tlong. punten min, wifi di rumah mati total lampu modem merah a.",Internet Mati (LOS)
P-819," kak, punten min, wifi lemot pisan buat nonton netflix buffering terus.",Wifi Lemot
P-062,Assalamualaikum pak wifi teh gening tau Aya sinyalan gangguan apa kumaha pak,Gangguan Pusat
P-015,"Ok, Saya cba dlu",Wifi Lemot
P-592,A naha internet down pisan hari ini? Ada gangguan pusat ya? tlong.,Gangguan Pusat
P-834,"Wilujeng enjing, kacepetan wifi turun drastis ti kamari sonten, geuning, nuhun pisan",Wifi Lemot
P-185,"Permisi min, router sok mati sorangan ti tadi enjing, teu apal kunaon, atuh, tolong secepatnya ya",Router Error
P-607," min, min info perbaikan pusat dong, wifi mati dari tadi.",Gangguan Pusat
P-175,"Permisi min, koneksi wifi euweuh pisan ti tadi siang, teu acan uih, yeuh, tolong dibantu ya",Internet Mati (LOS)
P-668,"A tolong ganti password wifi saya biar lebih aman. kak,",Ganti Password
P-027,Pak maaf wifi kenapa sering lemot,Wifi Lemot
P-864,"Min kabel fiber optik putus, lampu LOS merah terus. mohon bantuannya,",Gangguan Pusat
P-483,"A router saya error, ganti baru aja bisa ga? a,",Router Error
P-305,"Hapunten, sinyal wifi ical sadayana ti tadi sonten, tolong secepatnya ya",Internet Mati (LOS)
P-768,"A internet lemot pisan, tolong dioptimasi ya a. mohon bantuannya,",Wifi Lemot
P-197,"Sim kuring bade tumaros, internet ngadadak pareum, lampu router beureum kabeh, weh, nuhun pisan",Internet Mati (LOS)
P-739," kak, punten min, ganti password wifi rumah saya dong.",Ganti Password
P-027,Apa sedang gangguan  soalna ampir tiap hari lemot,Wifi Lemot
P-436,"min wifi mati total, kyknya blm bayar bulanan deh, tlong di cek no id nya kak",Belum Bayar Tagihan
P-039,Kenapa sekarang mh gangguan terus,Gangguan Pusat
P-272,"Nuhun sateuacana, wifi teu tiasa dianggo sama sakali ti isuk kénéh, teuing, tolong dicek ya",Internet Mati (LOS)
P-064,"Sim kuring bade tumaros, abdi hilap sandi wifi, bade dirobih deui tiasa henteu, atuh, ditunggu kabarnya",Ganti Password
P-256,"Mangga, internet di rumah abdi mati total ti tadi enjing, yeuh, hatur nuhun",Internet Mati (LOS)
P-430,A naha wifi mati ya? keknya can bayar tagihan bulan ayeuna aduh hilap,Belum Bayar Tagihan
P-339,"Wilujeng enjing, sadayana tatangga oge ngaluhkeun wifi na mati, sigana keur gangguan, euy, punten pisan",Gangguan Pusat
P-695,"Min tolong ganti password wifi saya dong, udah banyak yang tau. tolong ya,",Ganti Password
P-827," min internet di rumah lambat banget, tolong dicek ya.",Wifi Lemot
P-497," nuhun. punten a, router di rumah error terus minta di reset kayaknya.",Router Error
P-054,Ini aja boleh ngehospot ke tetangga,Router Error
P-164,"Permisi min, kabel fiber katarik treuk cenah, éta anu ngabalukarkeun jaringan mati sadayana, yeuh, nuhun sateuacana",Gangguan Pusat
P-640," min cek jaringan pusat, kok mati semua pelanggan di sini.",Gangguan Pusat
P-055,"Pk kmha kabel teh janten teu digentos?..
Soalna Wifina Awon  deii,....",Internet Mati (LOS)
P-160,"Wilujeng enjing, server pusat sigana nuju perbaikan, wifi sadayana pareum, weh, hatur nuhun",Gangguan Pusat
P-735,"Punten, bade ganti password wifi kusabab loba anu konek teu wios, euy, tolong dicek ya",Ganti Password
P-381,"kak internet tiba2 putus, pas dicek keknya blm bayar bulan ini deh, bener ga?",Belum Bayar Tagihan
P-293,"Punten a, bisa pang gantiin pass wifi teu? password baru nya rahasia123 tolong dicek ya a",Ganti Password
P-617,"Min info perbaikan pusat dong, wifi mati dari tadi. mohon bantuannya,",Gangguan Pusat
P-533,"Min tolong ganti router, kayaknya udah jadul jadi sering error. tolong ya,",Router Error
P-710,"Punten min, ganti password wifi rumah saya dong.",Ganti Password
P-021,"Iya sy mau ganti, Nama wifi nya shiren werand",Ganti Password
P-208,"Selamat pagi min, punten bade robih password wifi, tiasa dibantos teu, geuning, nuhun pisan",Ganti Password
P-441,"min internet terisolir ya? maaf blm bayar tagihan bulanan kmrn, mohon bantuannya",Belum Bayar Tagihan
P-023,a punten iye hoyong nga gentos sandi wifi kmha?,Ganti Password
P-737,"A tolong ganti nama wifi saya jadi 'Rumah-Kami'. min,",Ganti Password
P-444,"Wilujeng sonten, internet pareum, ari dicek sigana tunggakan tagihan acan lunas, atuh, tolong secepatnya ya",Belum Bayar Tagihan
P-258,"Punten, wifi teu kaluar sinyal na, router sigana rusak, teuing, nuhun pisan",Router Error
P-298,"A tolong ganti password wifi rumah saya dong, ini banyak yg konek",Ganti Password
P-748," min, min tolong cek kenapa wifi saya lemot banget sekarang.",Wifi Lemot
P-857,"Nuhun sateuacana, kacida na gangguan na, jaringan mati ti tadi enjing sakomplek, tolong secepatnya ya",Gangguan Pusat
P-013,Anu di bolang,Router Error
P-010,Iya itu juga sudah pak sering kaya begitu sekarang udah bagus,Router Error
P-442,A naha wifi mati ya? kyknya can bayar tagihan bulan ayeuna aduh hilap pisan,Belum Bayar Tagihan
P-738,"Punten min, gantiin password wifi dong jadi 'sukses2024'. min,",Ganti Password
P-744, nuhun. a mau ganti nama wifi sama password bisa ga?,Ganti Password
P-303,Router nya panas banget a terus internetnya putus putus tolong dicek ya a,Router Error
P-075,"Hapunten, bade ganti password wifi kusabab loba anu konek teu wios, euy, hatur nuhun",Ganti Password
P-050,mikum ini teknisi wfi najura yah ini eror ga ada jaringan nya,Gangguan Pusat
P-437,"A tulung cek internet mati, sigana can bayar tagihan bulanan abdi teh nya?",Belum Bayar Tagihan
P-283,"Halo min, wifi teu kaluar sinyal na, router sigana rusak, punten pisan",Router Error
P-171,"Sim kuring bade tumaros, bade ganti password wifi kusabab loba anu konek teu wios, yeuh, hatur nuhun",Ganti Password
P-050,sampai Ken wae ku akang bosen Abi mh,Wifi Lemot
P-558,"Min wifi mati total, kata tetangga lagi gangguan pusat. tlong.",Gangguan Pusat
P-067,Sinar/lampu wifi kedip2 merah,Router Error
P-027,"Min, wifi na lemot pisan dianggo kerja ti bumi, geuning, nuhun sateuacana",Wifi Lemot
P-731," a, a mau ganti password wifi, tolong dibantu ya min.",Ganti Password
P-712,"Punten min, cara ganti password wifi indihome gimana?",Ganti Password
P-172,"Selamat pagi min, modem euweuh sinyal, tulisan na LOS beureum wae ti tadi, weh, nuhun sateuacana",Internet Mati (LOS)
P-118,"Kak, router abdi mati sorangan, teu acan hurung deui ti tadi, nuhun sateuacana",Router Error
P-070,"Assalamualaikum,A kenapa wifi lemot teu cara biasa na lancar,, Nolis Nurul Islam di cimapag 🙏",Wifi Lemot
P-441,"Halo min, internet pareum, ari dicek sigana tunggakan tagihan acan lunas, teuing, hatur nuhun",Belum Bayar Tagihan
P-729, a tolong ganti nama wifi saya jadi 'keluarga-bahagia'.,Ganti Password
P-076,Min ini router kok tiba tiba mati sendiri ya padahal colokan nyala tolong dicek ya a,Router Error
P-915,"Punten min, internet mati lampu indikator merah (LOS) a. kak,",Internet Mati (LOS)
P-329,"Permisi min, punten bade robih password wifi, tiasa dibantos teu, geuning, nuhun sateuacana",Ganti Password
P-809,"Punten min, wifi di rumah ngelag banget buat streaming. nuhun.",Wifi Lemot
P-318,"Sim kuring bade tumaros, koneksi wifi euweuh pisan ti tadi siang, teu acan uih, atuh, hapunten ganggu",Internet Mati (LOS)
P-164,"Kak, sadayana tatangga oge ngaluhkeun wifi na mati, sigana keur gangguan, yeuh, punten pisan",Gangguan Pusat
P-074,"Nuhun sateuacana, server pusat sigana nuju perbaikan, wifi sadayana pareum, atuh, nuhun sateuacana",Gangguan Pusat
P-443,"kak wifi saya mati, pas dicek tnyata belom bayar tagihan bulan kmrn, mohon dicek",Belum Bayar Tagihan
P-753," min, min tolong cek kenapa wifi saya lemot banget belakangan ini.",Wifi Lemot
P-357,"Internet rumah mati total min, kayaknya gara2 telat bayar bulanan ya? Cek dong",Belum Bayar Tagihan
P-426,"kak wifi di rumah mati, kyknya belom bayar tagihan mggu kmrn, tlong dibantu",Belum Bayar Tagihan
P-236,"Punten, abdi hilap sandi wifi, bade dirobih deui tiasa henteu, pisan, nuhun sateuacana",Ganti Password
P-554," min, punten min, info gangguan massal hari ini ada ga?",Gangguan Pusat
P-353,"Mohon maaf min, wifi mati, sigana kusabab tagihan bulan kamari acan dibayar, hapunten ganggu",Belum Bayar Tagihan
P-220,"Mangga, abdi bade ganti kecap sandi wifi supados teu aya anu nunut deui, weh, nuhun pisan",Ganti Password
P-400,"min internet mati total, kyknya belum bayar tagihan, kl bayar skrg aktif kpn?",Belum Bayar Tagihan
P-649,"A tolong ganti password wifi, udah lemot gara gara banyak yang tau.",Ganti Password
P-513," tolong ya, a naha router di imah teh error wae, capek restartna.",Router Error
P-033,Oh iyh gpp,Internet Mati (LOS)
P-255,"Wilujeng sonten, lampu router kedap-kedip teu wajar ti tadi wengi, yeuh, hapunten ganggu",Router Error
P-879," tolong ya, a tolong cek kabel kayaknya putus, lampu modem merah (los).",Gangguan Pusat
P-355,wifi terisolir ya kak? kemarin lupa bgt bayar bulanan,Belum Bayar Tagihan
P-306,"Wilujeng enjing, wifi teu tiasa dianggo sama sakali ti isuk kénéh, hatur nuhun",Internet Mati (LOS)
P-400,"Selamat pagi min, internet pareum, ari dicek sigana tunggakan tagihan acan lunas, pisan, punten pisan",Belum Bayar Tagihan
P-149,A ini router di rumah merah terus lampu pon nya tolong dicek ya a,Router Error
P-722,"Punten min, gantiin sandi wifi dong a, nuhun. nuhun.",Ganti Password
P-869,"A tolong cek kabel di luar, kayaknya putus, lampu modem merah. tlong.",Gangguan Pusat
P-372,kak indihome eh wifi saya kok mati ya? apa karena telat bayar tagihan kemarin?,Belum Bayar Tagihan
P-087,"Hapunten, internet lemot teuing, main game jadi lag terus, pisan, punten pisan",Wifi Lemot
P-020,Lumayan normal a,Wifi Lemot
P-148,"Wilujeng enjing, kacepetan wifi turun drastis ti kamari sonten, euy, tolong dicek ya",Wifi Lemot
P-361,"A wifi abdi mati, naha pedah can bayar kitu? cek no pelanggan p-122",Belum Bayar Tagihan
P-716,"A tolong ganti password wifi, udah lemot gara gara banyak yang tau. euy.",Ganti Password
P-294,A cek dong wifi saya lemot banget padahal baru bayar tagihan,Wifi Lemot
P-569,"Min cek jaringan pusat, kok mati semua pelanggan di sini. mohon bantuannya,",Gangguan Pusat
P-017,Iyaaa lagi ada gangguan dulu🙏,Router Error
P-409,"kak wifi mati dari semalam, kyknya bapak belom bayar tagihan, tlong dicek ya",Belum Bayar Tagihan
P-678," punten min, tolong gantiin sandi wifi saya ya a.",Ganti Password
P-194,"Selamat pagi min, internet ngadadak pareum, lampu router beureum kabeh, hatur nuhun",Internet Mati (LOS)
P-548," euy. punten min, ada gangguan fiber optik pusat ya?",Gangguan Pusat
P-435,"Mangga, abdi hilap can mayar tagihan, éta nu nyababkeun internet pareum, teuing, punten pisan",Belum Bayar Tagihan
P-092,"Punten, hatur nuhun upami dibantos ganti sandi wifi ayeuna, atuh, nuhun sateuacana",Ganti Password
P-516,"A router restart terus tiap 5 menit, kenapa ya?",Router Error
P-219,"Min, internet ngadadak pareum, lampu router beureum kabeh, teuing, mohon bantuannya",Internet Mati (LOS)
P-616,"Min wifi se-RW mati semua, tolong dicek gangguan pusat bukan. euy.",Gangguan Pusat
P-669," a, a tolong ganti password wifi, udah lemot gara gara banyak yang tau.",Ganti Password
P-612,"Min wifi mati total, denger denger lagi ada gangguan massal.",Gangguan Pusat
P-292,"Wilujeng sonten, router abdi mati sorangan, teu acan hurung deui ti tadi, weh, punten pisan",Router Error
P-677," tlong. min ganti password wifi saya dong, udah lama ga diganti.",Ganti Password
P-486,"A router bermasalah, sinyal wifinya ga nyampe kamar. kak,",Router Error
P-502," nuhun. a router error euy, harus dipancing restart baru konek lagi.",Router Error
P-018,Dari kmren sore. Ini jaringan nya jelek,Wifi Lemot
P-011,"Pagi, internet nya eror trus knpa yah, kadang lemot, kadang gk koneks tiba-tiba",Gangguan Pusat
P-660,"Punten min, minta tolong gantiin nama wifi saya jadi 'Wifi-Rumah'. tlong.",Ganti Password
P-826," punten min, wifi di rumah lambat banget buat anak sekolah.",Wifi Lemot
P-313,"Mohon maaf min, hatur nuhun upami dibantos ganti sandi wifi ayeuna, weh, hatur nuhun",Ganti Password
P-477,"Min ini router merk ini emang sering error ya? Tolong ganti. mohon bantuannya,",Router Error
P-751,"Punten min, wifi lemot pisan buat download aja ga jalan. tolong ya,",Wifi Lemot
P-198,"Sim kuring bade tumaros, wifi na lemot pisan dianggo kerja ti bumi, euy, nuhun pisan",Wifi Lemot
P-434,min wifi terisolir ya gara2 telat bayar tagihan? mohon dibantu aktifin lagi,Belum Bayar Tagihan
P-334,"Kumaha carana nya, modem euweuh sinyal, tulisan na LOS beureum wae ti tadi, hatur nuhun",Internet Mati (LOS)
P-417,"min internet terisolir ya? maaf blm bayar tagihan kmrn, tlong dibantu ya",Belum Bayar Tagihan
P-047,Ok masih bang inpo nya,Gangguan Pusat
P-056,"Punten, kawentar aya perbaikan jaringan pusat ti isuk kénéh, teuing, mohon bantuannya",Gangguan Pusat
P-415,"Mohon maaf min, internet pareum, ari dicek sigana tunggakan tagihan acan lunas, teuing, tolong secepatnya ya",Belum Bayar Tagihan
P-802," min, punten min, wifi di rumah ngelag buat buka sosmed aja lama.",Wifi Lemot
P-396,"Mohon maaf min, punten upami tos dibayar ayeuna, iraha deui hurungna, weh, hatur nuhun",Belum Bayar Tagihan
P-826,"Mohon maaf min, wifi kacida na lemot na, streaming putus-putus wae, pisan, hapunten ganggu",Wifi Lemot
P-014,Pak punten iye jaringan wifi t ayaan jdi t nyambung,Router Error
P-006,Assalamualikum Ka boleh minta tolong gantiin sandi wifi,Ganti Password
P-033,Assalamu'alaikum A punten ini jaringan wifi ko jdi jelek,Internet Mati (LOS)
P-871,"Punten min, internet mati lampu indikator merah (LOS) euy.",Internet Mati (LOS)
P-481," kak, min ini router baru dipasang kok udah error ya?",Router Error
P-066,Iyah pa mksh pa🙏🏻,Router Error
P-932," min, a tolong kirim teknisi, internet mati lampu merah nyala.",Internet Mati (LOS)
P-016,"Wifi parem
Jore ti isuk",Router Error
P-343,"Wilujeng enjing, punten bade robih password wifi, tiasa dibantos teu, pisan, mohon bantuannya",Ganti Password
P-742," kak, min mau ganti password wifi saya a, tolong bantuannya.",Ganti Password
P-672, tlong. min mau ganti nama wifi sama sandinya sekalian bisa?,Ganti Password
P-209,"Nuhun sateuacana, koneksi lelet euy, buka WA wae hese pisan, atuh, mohon bantuannya",Wifi Lemot
P-054,Telat info nya,Gangguan Pusat
P-777,"Min tolong cek kenapa wifi saya lemot banget hari ini a. min,",Wifi Lemot
P-561," tlong. punten min, server lagi down ya? tolong infonya.",Gangguan Pusat
P-715," kak, punten min, minta tolong gantiin nama wifi saya jadi 'wifi-rumah'.",Ganti Password
P-055,Trus gimna Ini Saya bayar sia² dong jlk Nya hampir seminggu,Internet Mati (LOS)
P-030,Aya lampu na kur  nyala satu.,Router Error
P-887," euy. a tolong bantu, internet mati lampu indikator merah terus.",Internet Mati (LOS)
P-183,Assalamualaikum a bisa bantu ganti nama wifi sama passwordnya sekalian? tolong dicek ya a,Ganti Password
P-833," kak, min kenapa wifi saya lemot banget ya padahal baru bayar?",Wifi Lemot
P-209,"Sim kuring bade tumaros, wifi kacida na lemot na, streaming putus-putus wae, geuning, nuhun pisan",Wifi Lemot
P-245,"Min, lampu router kedap-kedip teu wajar ti tadi wengi, atuh, mohon bantuannya",Router Error
P-842,"Kak, wifi lemot pisan ti tadi enjing, susah dianggo streaming, pisan, makasih sebelumnya",Wifi Lemot
P-257,"Selamat pagi min, router abdi mati sorangan, teu acan hurung deui ti tadi, geuning, punten pisan",Router Error
P-860," tolong ya, a tolong cek kabel, internet mati lampu indikator merah.",Internet Mati (LOS)
P-519,"A router di rumah error euy, tolong dibantu cek. tlong.",Router Error
P-762,"Wilujeng sonten, internet ngadat-ngadat terus ti tadi siang, hese pisan, teuing, ditunggu kabarnya",Wifi Lemot
P-734," tolong ya, min mau ganti nama wifi biar ga ketauan orang lain.",Ganti Password
P-700,"Selamat pagi min, punten bade robih password wifi, tiasa dibantos teu, teuing, nuhun sateuacana",Ganti Password
P-663," mohon bantuannya, punten min, cara ganti sandi wifi gimana ya?",Ganti Password
P-811," min, min kenapa ya wifi saya lambat banget kayak siput?",Wifi Lemot
P-314,"A internet ga jalan lampu los nyala merah, ada teknisi yg bisa ngecek? tolong dicek ya a",Internet Mati (LOS)
P-510,"Punten min, router error terus pas hujan gede. kak,",Router Error
P-125,"Mohon maaf min, koneksi wifi euweuh pisan ti tadi siang, teu acan uih, euy, makasih sebelumnya",Internet Mati (LOS)
P-379,"halo kak, wifi di rumah gabisa internetan, kyknya blm bayar tagihan mggu kmrn",Belum Bayar Tagihan
P-913,"A tolong cek kabel, internet mati lampu indikator merah. euy.",Internet Mati (LOS)
P-717,"Punten, hatur nuhun upami dibantos ganti sandi wifi ayeuna, tolong secepatnya ya",Ganti Password
P-707,Min mau ganti nama wifi biar ga ketauan orang lain. tlong.,Ganti Password
P-151,Min kok hari ini jaringan lelet banget ya ga kaya biasa,Wifi Lemot
P-233,"Nuhun sateuacana, abdi bade ganti kecap sandi wifi supados teu aya anu nunut deui, euy, ditunggu kabarnya",Ganti Password
P-204,"Wilujeng enjing, internet lemot teuing, main game jadi lag terus, atuh, tolong secepatnya ya",Wifi Lemot
P-655," min tolong ganti password wifi rumah, password barunya: admin123.",Ganti Password
P-434,"Permisi min, punten upami tos dibayar ayeuna, iraha deui hurungna, geuning, tolong secepatnya ya",Belum Bayar Tagihan
P-432,"Selamat pagi min, bade naros, upami tagihan tos dibayar naha langsung nyambung deui, pisan, hapunten ganggu",Belum Bayar Tagihan
P-937," punten min, internet mati lampu indikator merah (los).",Internet Mati (LOS)
P-351,"Punten a, wifi mati euy, bisi can bayar tagihan bulan ayeuna tolong cek",Belum Bayar Tagihan
P-224,"Wilujeng enjing, abdi hilap sandi wifi, bade dirobih deui tiasa henteu, yeuh, hatur nuhun",Ganti Password
P-143,"Punten a, bisa pang gantiin pass wifi teu? password baru nya rahasia123",Ganti Password
P-763,"Halo min, internet ngadat-ngadat terus ti tadi siang, hese pisan, teuing, hapunten ganggu",Wifi Lemot
P-250,"Sim kuring bade tumaros, wifi lemot pisan ti tadi enjing, susah dianggo streaming, weh, nuhun pisan",Wifi Lemot
P-550," tlong. punten min, info gangguan pusat dong, wifi mati nih.",Gangguan Pusat
P-743," min, a tolong ganti password wifi, udah lemot gara gara banyak yang tau.",Ganti Password
P-011,"Sim kuring bade tumaros, punten bade robih password wifi, tiasa dibantos teu, geuning, tolong secepatnya ya",Ganti Password
P-286,"Hapunten, koneksi wifi euweuh pisan ti tadi siang, teu acan uih, teuing, ditunggu kabarnya",Internet Mati (LOS)
P-024,"Hoyong di ganti nama wifina tea pak jadi:
M sadam12
Sandinya : Sadam121223",Ganti Password
P-239,"Min, router sok mati sorangan ti tadi enjing, teu apal kunaon, pisan, nuhun pisan",Router Error
P-207,"Hapunten, koneksi lambat pisan, buka youtube kudu nunggu lila, pisan, ditunggu kabarnya",Wifi Lemot
P-369,"min wifi saya mati total, kyknya blm bayar bulanan deh, cara cek tagihannya gmn?",Belum Bayar Tagihan
P-067,Atos saurna tabuh 9 wengi nembe sae deui,Router Error
P-384,"kak wifi saya mati total, tolong cek apa karena belum bayar tagihan ya?",Belum Bayar Tagihan
P-310,"Mangga, router panas pisan, sinyal wifi jadi kaganggu, teuing, tolong secepatnya ya",Router Error
P-849," a, punten min, wifi mati total lampu pon merah kedip.",Internet Mati (LOS)
P-370,"A tulung cek, wifi mati, bilih acan bayar bulanan na. Nuhun",Belum Bayar Tagihan
P-425,"Kumaha carana nya, bade naros, upami tagihan tos dibayar naha langsung nyambung deui, teuing, makasih sebelumnya",Belum Bayar Tagihan
P-027,"Kak, internet lemot teuing, main game jadi lag terus, atuh, tolong secepatnya ya",Wifi Lemot
P-789,"A tolong cek jaringan pusat, wifi di rumah lemot banget a. a,",Wifi Lemot
P-598," tolong ya, a cek jaringan dong, kayaknya lagi ada gangguan massal.",Gangguan Pusat
P-416,"kak wifi mati total, kyknya blm bayar tagihan bulanan, klo lunasin skrg gmn?",Belum Bayar Tagihan
P-654,"Punten, hatur nuhun upami dibantos ganti sandi wifi ayeuna, weh, tolong dicek ya",Ganti Password
P-126,"Halo min, modem euweuh sinyal, tulisan na LOS beureum wae ti tadi, atuh, tolong dibantu ya",Internet Mati (LOS)
P-791,"Min, koneksi lambat pisan, buka youtube kudu nunggu lila, euy, mohon bantuannya",Wifi Lemot
P-585, min ini internet sekomplek mati semua ya? gangguan pusat?,Gangguan Pusat
P-557,"Punten min, info gangguan pusat dong, wifi mati nih. tolong ya,",Gangguan Pusat
P-154,"Punten, koneksi wifi euweuh pisan ti tadi siang, teu acan uih, pisan, makasih sebelumnya",Internet Mati (LOS)
P-434,"Nuhun sateuacana, internet pareum, ari dicek sigana tunggakan tagihan acan lunas, euy, ditunggu kabarnya",Belum Bayar Tagihan
P-658,"Punten min, minta tolong gantiin nama wifi saya jadi 'Wifi-Rumah'. euy.",Ganti Password
P-147,"Punten, internet di rumah abdi mati total ti tadi enjing, nuhun pisan",Internet Mati (LOS)
P-831," euy. a internet lemot pisan, tolong dioptimasi ya a.",Wifi Lemot
P-867,"A tolong cek kabel kayaknya putus, lampu modem merah (LOS). min,",Gangguan Pusat
P-527,"Punten a, router di rumah bermasalah lampu wlan ga nyala. mohon bantuannya,",Router Error
P-500," min, tolong cek router saya, kayaknya kena petir semalam.",Router Error
P-858,"Punten min, wifi mati total, lampu pon merah kedip kedip. min,",Internet Mati (LOS)
P-691,"Min, hatur nuhun upami dibantos ganti sandi wifi ayeuna, geuning, tolong secepatnya ya",Ganti Password
P-478,"A ini router kayaknya rusak, restart sendiri terus dari tadi pagi. tlong.",Router Error
P-371,"halo admin, internet putus, kayaknya ada tagihan yg belum lunas ya?",Belum Bayar Tagihan
P-048,Kakk ini kenapa ya wifi jringan nya jelek,Gangguan Pusat
P-487,"Punten a, router di rumah lampu alarmnya nyala terus. tlong.",Router Error
P-060,Ok pak hatur nuhun impormasi na,Gangguan Pusat
P-010,Ok siap pak dari kemaren nggk ada dinyal,Router Error
P-781," a, min internet di rumah lambat banget, tolong proses ya.",Wifi Lemot
P-042,Bos boleh ganti sandi waipi soalnya ngeleg banyak yang nyekn,Ganti Password
P-811,"Kumaha carana nya, koneksi lambat pisan, buka youtube kudu nunggu lila, geuning, nuhun pisan",Wifi Lemot
P-564," a, punten min, estimasi normal kapan ya? katanya gangguan pusat.",Gangguan Pusat
P-054,Harus nya sebelum nya di info kan supaya saya bisa ngisi kuota 🤦‍♀️,Gangguan Pusat
P-434,"Wilujeng enjing, wifi mati, sigana kusabab tagihan bulan kamari acan dibayar, weh, ditunggu kabarnya",Belum Bayar Tagihan
P-539,"Punten min, router panas banget trus mati sendiri, tolong cek. kak,",Router Error
P-884,"Punten min, internet mati lampu LOS nyala merah terus. tolong ya,",Internet Mati (LOS)
P-199,"Kak, jaringan hilang total, tos ti tadi isuk teu acan uih deui, teuing, tolong dicek ya",Internet Mati (LOS)
P-058,Pak kenapa jaringan nya gangguan terus ini ?? Udah si cabut colok lagi adaptor nya tetep aja kaya gini,Gangguan Pusat
P-029,Hpunten pisan bawel wifi teh jore ninh,Router Error
P-536," euy. a router saya error, ganti baru aja bisa ga?",Router Error
P-818," a, a naha wifi lemot kieu? padahal deket router.",Wifi Lemot
P-327,"Halo min, lampu LOS di modem hurung beureum ti wengi tadi, euy, tolong dibantu ya",Internet Mati (LOS)
P-928," min, punten min, wifi mati total lampu pon merah kedip a.",Internet Mati (LOS)
P-829, nuhun. a naha wifi lemot kieu? padahal kuota masih banyak.,Wifi Lemot
P-699," min, punten min, minta tolong gantiin sandi wifi saya.",Ganti Password
P-460,"A tolong cek router, kayaknya ada yang konslet di dalem. kak,",Router Error
P-103,"Wilujeng enjing, internet di rumah abdi mati total ti tadi enjing, teuing, hatur nuhun",Internet Mati (LOS)
P-393,kak kenapa internet saya diputus ya? apa gara2 belum bayar tagihan bulan ini?,Belum Bayar Tagihan
P-898," a, punten min, wifi mati total lampu pon merah kedip kedip euy.",Internet Mati (LOS)
P-649,"Selamat pagi min, abdi hilap sandi wifi, bade dirobih deui tiasa henteu, euy, hatur nuhun",Ganti Password
P-770,"Min, wifi kacida na lemot na, streaming putus-putus wae, pisan, tolong secepatnya ya",Wifi Lemot
P-459,"Min cek jaringan, router di rumah error lampu merahnya kedip cepet. euy.",Router Error
P-687,"Mohon maaf min, hatur nuhun upami dibantos ganti sandi wifi ayeuna, euy, hatur nuhun",Ganti Password
P-418,"A naha wifi mati ya? oh enya can bayar tagihan bulan ayeuna, hilap euy",Belum Bayar Tagihan
P-624,"A server lagi down ya? Dari tadi pagi ga bisa konek. a,",Gangguan Pusat
P-010,"assalamualaikum pak ko wf elor terus yah
Sering elor pak pemakean jadi tidak puas ampir tiap hari gimna ini",Router Error
P-874,"Punten min, wifi mati total lampu pon merah kedip a. euy.",Internet Mati (LOS)
P-799,Min naha wifi lemot pisan hari ini? Dipake youtube muter terus. euy.,Wifi Lemot
P-754,A naha wifi lemot kieu? Tolong dioptimasi a. euy.,Wifi Lemot
P-299,"Mohon maaf min, abdi hilap sandi wifi, bade dirobih deui tiasa henteu, atuh, punten pisan",Ganti Password
P-233,"Punten, hoyong ganti nami sareng sandi wifi bumi, weh, tolong secepatnya ya",Ganti Password
P-226,"Wilujeng enjing, hatur nuhun upami dibantos ganti sandi wifi ayeuna, euy, ditunggu kabarnya",Ganti Password
P-031,Ini gmna WiFi,Internet Mati (LOS)
P-905,"Min lampu LOS merah kedip kedip dari tadi siang. mohon bantuannya,",Internet Mati (LOS)
P-530," tolong ya, min, tolong cek router saya, kayaknya kena petir semalam.",Router Error
P-054,"Giliran nggak mati lampu,wifi error 🤦‍♀️mau cek mbanking aja susah 🤦‍♀️🤦‍♀️🤦‍♀️🤦‍♀️🤦‍♀️🤦‍♀️",Gangguan Pusat
P-062,"jaringan na jelek pak
ouh nya pak",Gangguan Pusat
P-234,"Wilujeng sonten, router panas pisan, sinyal wifi jadi kaganggu, yeuh, hapunten ganggu",Router Error
P-058,"Ada gangguan apa gimana?
Pak gimana?",Gangguan Pusat
P-458,"A router bermasalah, sinyal wifinya ga nyampe kamar. euy.",Router Error
P-158,"Permisi min, router sok mati sorangan ti tadi enjing, teu apal kunaon, atuh, tolong dicek ya",Router Error
P-174,"Wilujeng sonten, bade ganti password wifi kusabab loba anu konek teu wios, teuing, tolong dicek ya",Ganti Password
P-030,oh nya a kin MH PMI kdieu ngontrol hyong di pindah k lebetkeun soal na susah cabut colok na luhur di luar.,Router Error
P-394,"min wifi dirumah mati, keknya nunggak bayar tagihan deh, tolong cek dong",Belum Bayar Tagihan
P-887,"Hapunten, jaringan hilang total, tos ti tadi isuk teu acan uih deui, geuning, mohon bantuannya",Internet Mati (LOS)
P-248,Min tolong resetin password wifi ya saya lupa passwordnya,Ganti Password
P-218,"Halo min, koneksi wifi euweuh pisan ti tadi siang, teu acan uih, weh, mohon bantuannya",Internet Mati (LOS)
P-189,"Mangga, koneksi wifi euweuh pisan ti tadi siang, teu acan uih, yeuh, tolong dicek ya",Internet Mati (LOS)
P-489,"A wifi mati, router jiga na mah error euy tolong.",Router Error
P-072,Ini jaringan wifi gimana dari sore lemot,Gangguan Pusat
P-054,"Assalamualaikum pak,wifi error ya",Router Error
P-893,"A tolong cek kabel kayaknya putus, lampu modem merah (LOS). a,",Gangguan Pusat
P-005,Udahh dii cobaa A dua kalii..,Router Error
P-005,"Asalamualaikum, a masih gangguan ning wifi teh",Router Error
P-367,"mas internet mati nih, gara2 blm bayar tagihan ya? klo skrg dibayar langsung aktif?",Belum Bayar Tagihan
P-622, tlong. a naha internet down kabeh? server pusat lagi bermasalah?,Gangguan Pusat
P-783," euy. punten min, wifi di rumah lambat banget buat upload tugas.",Wifi Lemot
P-362,"assalamualaikum min, internet di rumah mati, kyknya blm bayar tagihan deh",Belum Bayar Tagihan
P-004,jaringan wipinya lemot,Wifi Lemot
P-474,"Min cek jaringan, router di rumah error lampu merahnya kedip cepet. a,",Router Error
P-916," tolong ya, punten min, internet mati lampu indikator merah (los).",Internet Mati (LOS)
P-349,"halo min, internet saya diisolir ya gara2 telat bayar?",Belum Bayar Tagihan
P-388,"internet mati tiba2 kak, apa karena telat bayar bulanan?",Belum Bayar Tagihan
P-062,"assalamualaikum pa wifi teaya jaringan
atas nama {Nama Pelanggan}",Router Error
P-311,"Halo min, internet mati total sakomplek, lampu indikator beureum sadayana, pisan, hapunten ganggu",Internet Mati (LOS)
P-839,"Min internet di rumah lambat banget, mohon bantuannya. a,",Wifi Lemot
P-391,"Wilujeng sonten, bade naros, upami tagihan tos dibayar naha langsung nyambung deui, weh, punten pisan",Belum Bayar Tagihan
P-388,"Wilujeng sonten, punten upami tos dibayar ayeuna, iraha deui hurungna, weh, tolong dicek ya",Belum Bayar Tagihan
P-396,"Wilujeng enjing, internet pareum, ari dicek sigana tunggakan tagihan acan lunas, euy, nuhun sateuacana",Belum Bayar Tagihan
P-077,"Permisi min, lampu indikator router beureum tapi kabel na sae wae, euy, nuhun sateuacana",Router Error
P-473,"A wifi bermasalah, pas dicek router indikator los padahal kabel oke. kak,",Router Error
P-860,"Nuhun sateuacana, internet di rumah abdi mati total ti tadi enjing, teuing, mohon bantuannya",Internet Mati (LOS)
P-729,"Selamat pagi min, hatur nuhun upami dibantos ganti sandi wifi ayeuna, punten pisan",Ganti Password
P-202,"Punten, bade ganti password wifi kusabab loba anu konek teu wios, pisan, ditunggu kabarnya",Ganti Password
P-625,A naha internet down kabeh? Server pusat lagi bermasalah? nuhun.,Gangguan Pusat
P-431,"kak wifi saya mati, pas dicek tnyata belom bayar tagihan bulan kmrn, tlong di cek",Belum Bayar Tagihan
P-452," tlong. router error mas, lampu pon nyala merah tapi bukan kabel putus.",Router Error
P-854," tolong ya, a tolong kirim teknisi segera, internet mati lampu merah nyala.",Internet Mati (LOS)
P-067,Punten jaringan wifi dr semalam error pak .. Koneksi terbatas,Router Error
P-673," a, min mau ganti nama wifi sama sandinya sekalian bisa?",Ganti Password
P-914," tolong ya, min lampu los merah kedip kedip dari tadi siang.",Internet Mati (LOS)
P-606,"Min, kacida na gangguan na, jaringan mati ti tadi enjing sakomplek, euy, tolong dibantu ya",Gangguan Pusat
P-597," mohon bantuannya, punten min, ini lagi ada perbaikan kabel pusat ya?",Gangguan Pusat
P-732," nuhun. punten min, ganti password wifi rumah saya dong.",Ganti Password
P-586,"A naha internet down pisan hari ini? Ada gangguan pusat ya? a,",Gangguan Pusat
P-005,A gimana ini teh masih eror nya wifi nya,Router Error
P-381,"Punten, internet pareum, ari dicek sigana tunggakan tagihan acan lunas, makasih sebelumnya",Belum Bayar Tagihan
P-360,"min ini internet kok ga jalan, apa gara2 nunggak sebulan ya?",Belum Bayar Tagihan
P-684,"A tolong ganti nama wifi saya jadi 'Rumah-Kami'. tolong ya,",Ganti Password
P-634,A jaringan lagi bermasalah ya dari pusatnya? nuhun.,Gangguan Pusat
P-936," min lampu indikator los merah kedip kedip, internet mati total.",Internet Mati (LOS)
P-577," a, min wifi mati sekelurahan, ada gangguan apa dari pusat?",Gangguan Pusat
P-385,"admin internet rumah mati, kyknya bapak blm bayar tagihan bulan ini, tlong dicek",Belum Bayar Tagihan
P-403,A naha wifi abdi mati total? oh iya can bayar tagihan bulan ayeuna gening,Belum Bayar Tagihan
P-362,"Kumaha carana nya, wifi mati, sigana kusabab tagihan bulan kamari acan dibayar, ditunggu kabarnya",Belum Bayar Tagihan
P-200,"Mangga, abdi hilap sandi wifi, bade dirobih deui tiasa henteu, geuning, punten pisan",Ganti Password
P-708,"Nuhun sateuacana, punten bade robih password wifi, tiasa dibantos teu, teuing, tolong dicek ya",Ganti Password
P-332,"Hapunten, lampu indikator router beureum tapi kabel na sae wae, yeuh, makasih sebelumnya",Router Error
P-775,"Min internet di rumah lambat banget, tolong direset ya. a,",Wifi Lemot
P-119,"Kumaha carana nya, internet ngadat-ngadat terus ti tadi siang, hese pisan, yeuh, tolong secepatnya ya",Wifi Lemot
P-005,Kalau lemot saya juga teloransi a inimah sama sekali engga ada jaringan wifi na,Router Error
P-769,"Min kenapa ya wifi saya lemot banget pas hujan? a,",Wifi Lemot
P-060,Assalamualaikum kunaon wifi Abi te tiasa kan TOS d Taur,Gangguan Pusat
P-026,A ini kenapa ya ko jaringanya tidak ada akses internet,Router Error
P-358,"halo kak, wifi saya mati nih, apa kena blokir karena telat bayar?",Belum Bayar Tagihan
P-846,"Min kabel kayaknya putus nih, lampu LOS merah terus. a,",Gangguan Pusat
P-102,"Halo min, punten bade robih password wifi, tiasa dibantos teu, pisan, nuhun pisan",Ganti Password
P-375,"Permisi min, bade naros, upami tagihan tos dibayar naha langsung nyambung deui, weh, mohon bantuannya",Belum Bayar Tagihan
P-063,Wifi Ning teu ayaan,Router Error
P-816, tlong. min kenapa ya wifi saya lemot banget pas hujan?,Wifi Lemot
P-383,A naha internet mati ya? oh enya can bayar tagihan bulanan aduh,Belum Bayar Tagihan
P-657,"Permisi min, hoyong ganti nami sareng sandi wifi bumi, yeuh, tolong secepatnya ya",Ganti Password
P-762,"Sim kuring bade tumaros, wifi kacida na lemot na, streaming putus-putus wae, yeuh, tolong dibantu ya",Wifi Lemot
P-058,Assalamualaikum pak wifi saya eror,Gangguan Pusat
P-414,"kak wifi di rumah mati, kyknya belom bayar tagihan mggu lalu, gmn cara aktifinnya?",Belum Bayar Tagihan
P-043,Tapi msih wifi lama,Ganti Password
P-290,"Punten, aya tihang kabel ambruk, jaringan sadayana kapangaruhan, weh, hatur nuhun",Gangguan Pusat
P-054,"Pak,wifi error ya,atas nama src {Nama Pelanggan}",Router Error
P-408,"Hapunten, abdi hilap can mayar tagihan, éta nu nyababkeun internet pareum, weh, hatur nuhun",Belum Bayar Tagihan
P-236,"Nuhun sateuacana, punten bade robih password wifi, tiasa dibantos teu, geuning, nuhun sateuacana",Ganti Password
P-168,"Sim kuring bade tumaros, router abdi mati sorangan, teu acan hurung deui ti tadi, teuing, tolong dicek ya",Router Error
P-645,A naha internet mati se-RW? Gangguan pusat nya a?,Gangguan Pusat
P-562," mohon bantuannya, punten min, internet lagi down ya se-bandung?",Gangguan Pusat
P-222,"Punten, wifi teu tiasa dianggo sama sakali ti isuk kénéh, teuing, makasih sebelumnya",Internet Mati (LOS)
P-018,Permisi min kenapa ini gak di betul2 kan.,Wifi Lemot
P-419,"kak wifi saya mati, pas dicek tnyata blm bayar tagihan bulan kmrn, tlong cek",Belum Bayar Tagihan
P-520," kak, punten min, router error terus pas hujan gede.",Router Error
P-385,"Mangga, punten upami tos dibayar ayeuna, iraha deui hurungna, weh, nuhun pisan",Belum Bayar Tagihan
P-054,"Pak,maaf tolong dijawab",Router Error
P-213,"Min, modem euweuh sinyal, tulisan na LOS beureum wae ti tadi, ditunggu kabarnya",Internet Mati (LOS)
P-165,Min aya gangguan pusat teu? Ieu muter wae dari tadi,Gangguan Pusat
P-398,"Wilujeng enjing, wifi mati, sigana kusabab tagihan bulan kamari acan dibayar, yeuh, punten pisan",Belum Bayar Tagihan
P-809,"Hapunten, internet lemot teuing, main game jadi lag terus, yeuh, nuhun sateuacana",Wifi Lemot
P-033,Lagi ada gangguan jaringan ya?,Internet Mati (LOS)
P-929,"Mohon maaf min, wifi mati babarengan sakomplek, sigana aya gangguan di jaringan pusat, tolong dicek ya",Gangguan Pusat
P-032,Kok msih jlk,Gangguan Pusat
P-254,"Permisi min, koneksi lelet euy, buka WA wae hese pisan, yeuh, nuhun sateuacana",Wifi Lemot
P-376,"Wilujeng enjing, punten upami tos dibayar ayeuna, iraha deui hurungna, yeuh, ditunggu kabarnya",Belum Bayar Tagihan
P-139,"Kak, internet ngadat-ngadat terus ti tadi siang, hese pisan, atuh, hapunten ganggu",Wifi Lemot
P-896,"Min kabel kayaknya putus, lampu LOS merah terus a. kak,",Gangguan Pusat
P-030,a wifi teh jlek wae.,Router Error
P-242,"Selamat pagi min, router abdi mati sorangan, teu acan hurung deui ti tadi, weh, punten pisan",Router Error
P-755,"Wilujeng enjing, koneksi lambat pisan, buka youtube kudu nunggu lila, weh, makasih sebelumnya",Wifi Lemot
P-079,"Kak, internet ngadat-ngadat terus ti tadi siang, hese pisan, atuh, nuhun pisan",Wifi Lemot
P-044,"Mlm kak knp wifi ini jaringan nya jelek,, kadang terhubung kadang kaga ada internet",Router Error
P-897," min kabel fiber di luar putus kena dahan pohon, lampu los merah.",Gangguan Pusat
P-405,"min wifi mati nih, apa gara gara nunggak tagihan bulanan ya? cek dong",Belum Bayar Tagihan
P-069,"Wilujeng enjing, abdi bade ganti kecap sandi wifi supados teu aya anu nunut deui, teuing, hatur nuhun",Ganti Password
P-865,"Sim kuring bade tumaros, internet ngadadak pareum, lampu router beureum kabeh, teuing, nuhun sateuacana",Internet Mati (LOS)
P-748,"Wilujeng sonten, koneksi lelet euy, buka WA wae hese pisan, geuning, tolong dibantu ya",Wifi Lemot
P-596,"Punten min, lagi ada gangguan di server pusat ya? kak,",Gangguan Pusat
P-195,"Punten, lampu LOS di modem hurung beureum ti wengi tadi, yeuh, mohon bantuannya",Internet Mati (LOS)
P-065,a punten ie th kmha wifi th asa sering gangguan kiye,Gangguan Pusat
P-834,"Wilujeng sonten, wifi na lemot pisan dianggo kerja ti bumi, geuning, makasih sebelumnya",Wifi Lemot
P-105,"Permisi min, hatur nuhun upami dibantos ganti sandi wifi ayeuna, punten pisan",Ganti Password
P-479,A router di rumah mati lampu indikatornya semua.,Router Error
P-367,"Min, internet pareum, ari dicek sigana tunggakan tagihan acan lunas, euy, nuhun pisan",Belum Bayar Tagihan
P-747,"Min tolong cek kenapa wifi saya lemot banget belakangan ini. min,",Wifi Lemot
P-365,"min kenapa ya internet gabisa dipake, tanda seru terus. apa krn nunggak?",Belum Bayar Tagihan
P-061,"Assalamu'alaikum punten wifi anu ibu anah eror ti wengi.. Arah sukatani batu jajar
Turnuhun",Router Error
P-004,"nyala
ngga mati lampu lagi
tiba"" bangett matii Wifi-nya",Router Error
P-135,"Hapunten, abdi bade ganti kecap sandi wifi supados teu aya anu nunut deui, pisan, punten pisan",Ganti Password
P-003,trus iye ek iraha di omean,Internet Mati (LOS)
P-398,"Wilujeng sonten, wifi mati, sigana kusabab tagihan bulan kamari acan dibayar, makasih sebelumnya",Belum Bayar Tagihan
P-311,"Mangga, wifi abdi pareum sadayana ti tadi, teu acan hurung deui, atuh, tolong dicek ya",Internet Mati (LOS)
P-175,"Wilujeng enjing, modem euweuh sinyal, tulisan na LOS beureum wae ti tadi, teuing, hapunten ganggu",Internet Mati (LOS)
P-007,Maaf a wifi skrg ga ada sinyalnya,Internet Mati (LOS)
P-790," mohon bantuannya, punten min, wifi di rumah lambat banget buat upload tugas.",Wifi Lemot
P-029,Wifi teh sering jore,Router Error
P-366,"Punten a, wifi mati, sigana can dibayar bulan ieu mah. Cek tagihan na a",Belum Bayar Tagihan
P-106,"Selamat pagi min, internet di rumah abdi mati total ti tadi enjing, euy, nuhun pisan",Internet Mati (LOS)
P-018,Malam. Min tolong jaringan wifi yang noni lagi gak bagus.,Router Error
P-314,"Hapunten, lampu LOS di modem hurung beureum ti wengi tadi, weh, ditunggu kabarnya",Internet Mati (LOS)
P-894,"A tolong kirim teknisi, internet mati lampu merah nyala.",Internet Mati (LOS)
P-180,"Mangga, router abdi mati sorangan, teu acan hurung deui ti tadi, hatur nuhun",Router Error
P-071,"Kenapa ya pak jaringan nya GK sampe k kamar
Sinyal nya jelek",Wifi Lemot
P-756," tolong ya, punten min, wifi di rumah ngelag buat buka sosmed aja lama.",Wifi Lemot
P-656,"Min mau ganti password wifi saya, tolong proses ya. a,",Ganti Password
P-361,"Selamat pagi min, internet pareum, ari dicek sigana tunggakan tagihan acan lunas, tolong dicek ya",Belum Bayar Tagihan
P-066,"assalamualaikum
Pak punten wifi di abdi th elor jadi teu aya jaringan tos bade 3 dinten sareng ayena ku nn nya pak🙏🏻",Router Error
P-437,"Min, punten upami tos dibayar ayeuna, iraha deui hurungna, tolong dicek ya",Belum Bayar Tagihan
P-121,"Halo min, wifi kacida na lemot na, streaming putus-putus wae, makasih sebelumnya",Wifi Lemot
P-384,"Permisi min, internet pareum, ari dicek sigana tunggakan tagihan acan lunas, punten pisan",Belum Bayar Tagihan
P-563,"Min naha internet down pisan? Lagi ada perbaikan pusat? a,",Gangguan Pusat
P-156,"Sim kuring bade tumaros, wifi teu tiasa dianggo sama sakali ti isuk kénéh, mohon bantuannya",Internet Mati (LOS)
P-629,"A naha internet down kabeh? Server pusat lagi bermasalah? a,",Gangguan Pusat
P-169,"Wilujeng enjing, internet mati total sakomplek, lampu indikator beureum sadayana, atuh, tolong secepatnya ya",Internet Mati (LOS)
P-403,"Mohon maaf min, punten upami tos dibayar ayeuna, iraha deui hurungna, yeuh, ditunggu kabarnya",Belum Bayar Tagihan
P-134,"Nuhun sateuacana, koneksi lelet euy, buka WA wae hese pisan, geuning, hapunten ganggu",Wifi Lemot
P-698, nuhun. min mau ganti nama wifi sama sandinya sekalian bisa?,Ganti Password
P-611, nuhun. min naha internet down pisan? lagi ada perbaikan pusat?,Gangguan Pusat
P-034,Gagal menyambungkan ke jaringan,Router Error
P-096,"Wilujeng sonten, router sok mati sorangan ti tadi enjing, teu apal kunaon, weh, makasih sebelumnya",Router Error
P-803,"Kak, wifi kacida na lemot na, streaming putus-putus wae, geuning, tolong dicek ya",Wifi Lemot
P-394,"Permisi min, internet pareum, ari dicek sigana tunggakan tagihan acan lunas, teuing, makasih sebelumnya",Belum Bayar Tagihan
P-696," kak, min tolong ganti password wifi rumah, password barunya: admin123.",Ganti Password
P-730,"Min mau ganti password wifi saya, tolong proses ya. tolong ya,",Ganti Password
P-888,"Punten, kacida na gangguan na, jaringan mati ti tadi enjing sakomplek, teuing, makasih sebelumnya",Gangguan Pusat
P-523," a, a router saya error, ganti baru aja bisa ga?",Router Error
P-216,"Kak, kacepetan wifi turun drastis ti kamari sonten, atuh, tolong dicek ya",Wifi Lemot
P-041,Di hp kekuatan sinyal buruk trs,Wifi Lemot
P-331,"Min, abdi bade ganti kecap sandi wifi supados teu aya anu nunut deui, teuing, tolong dicek ya",Ganti Password
P-211,A wifi mati ieu lampu los kedip2 ti subuh,Internet Mati (LOS)
P-580,"Min wifi se-RT mati semua, tolong cek info gangguan.",Gangguan Pusat
P-063,Dicabut NTOS diciloken deui th Kitu keneh,Router Error
P-751,"Selamat pagi min, internet lemot teuing, main game jadi lag terus, atuh, tolong dibantu ya",Wifi Lemot
P-945,"Wilujeng enjing, lampu LOS di modem hurung beureum ti wengi tadi, geuning, tolong dicek ya",Internet Mati (LOS)
P-725,Min tolong ganti password wifi saya biar ga dibobol orang. nuhun.,Ganti Password
P-088,"Kumaha carana nya, internet ngadat-ngadat terus ti tadi siang, hese pisan, teuing, hatur nuhun",Wifi Lemot
P-016,"Ari nusejen mh hurung
udh
Anu idh jng anu winda jore",Router Error
P-072,"Sama"",mohon diperbaiki,wifi nya sering lemot pak",Wifi Lemot
P-470," min, a router di rumah tiba tiba mati total lampu powernya ga nyala.",Router Error
P-330,"Kak, jaringan hilang total, tos ti tadi isuk teu acan uih deui, yeuh, tolong dicek ya",Internet Mati (LOS)
P-445,"kak internet mati dari pagi, kyknya blm bayar tagihan bulanan, mohon dicekin ya",Belum Bayar Tagihan
P-259,"Permisi min, hoyong ganti nami sareng sandi wifi bumi, pisan, nuhun sateuacana",Ganti Password
P-825," a tolong cek jaringan, wifi di rumah lemot banget euy.",Wifi Lemot
P-469," tolong ya, min ini router baru dipasang kok udah error ya?",Router Error
P-346,kak internet mati apa krn blm bayar ya?,Belum Bayar Tagihan
P-309,A router nya nyala tapi di hp tulisan nya tidak ada internet tolong dicek ya a,Router Error
P-107,"Mangga, abdi bade ganti kecap sandi wifi supados teu aya anu nunut deui, atuh, tolong dibantu ya",Ganti Password
P-395,"halo min wifi mati total, kayaknya blm bayar bulanan, msh bisa dibayar kan?",Belum Bayar Tagihan
P-658,"Wilujeng enjing, punten bade robih password wifi, tiasa dibantos teu, atuh, punten pisan",Ganti Password
P-053,"Assalamualaikum Pak,wifi nya error ya,tolong dicek,buka YouTube loading terus 🙏",Gangguan Pusat
P-531,"Punten a, router error nih, udah dicabut colok tetep sama.",Router Error
P-549," tolong ya, min wifi mati total, denger denger lagi ada gangguan massal.",Gangguan Pusat
P-264,"Wilujeng sonten, router sok mati sorangan ti tadi enjing, teu apal kunaon, punten pisan",Router Error
P-003,pantes ti jam 9 wifi na eweh internetan,Internet Mati (LOS)
P-008,"Assalamualaikum,  bpak /ibu , 
Sya mau menanyakan perihal jaringan wifi
Di rumah sya ruter nya ko lampunya tuh merah terus knp iya 
Sdngkan klo abis juga belum wktunya",Internet Mati (LOS)
P-133,"Wilujeng enjing, sinyal wifi ical sadayana ti tadi sonten, nuhun pisan",Internet Mati (LOS)
P-733,"A mau ganti password wifi, ada tetangga yang tau sandinya. kak,",Ganti Password
P-752," nuhun. a internet lemot pisan euy, tolong dibantu.",Wifi Lemot
P-406,"kak wifi saya mati, pas dicek tnyata blm bayar tagihan bulan kmrn, bsa tlong cek?",Belum Bayar Tagihan
P-039,Wifi nya ganguan terus,Internet Mati (LOS)
P-416,"Mohon maaf min, wifi mati, sigana kusabab tagihan bulan kamari acan dibayar, geuning, mohon bantuannya",Belum Bayar Tagihan
P-055,"Assallamualaikum,..
Mang Iye WiFi teh Awon dei,.
Tadi saena sakedap...",Internet Mati (LOS)
P-397,"Kak, abdi hilap can mayar tagihan, éta nu nyababkeun internet pareum, weh, makasih sebelumnya",Belum Bayar Tagihan
P-070,"Assalamualaikum ,A hoyong ganti kata wifi kumaha cara na bisa nggak
Kata sandi wifi",Ganti Password
P-094,"Mohon maaf min, wifi na lemot pisan dianggo kerja ti bumi, pisan, tolong dicek ya",Wifi Lemot
P-447,"Punten a, router error nih, udah dicabut colok tetep sama. kak,",Router Error
P-316,"Kak, kacepetan wifi turun drastis ti kamari sonten, weh, mohon bantuannya",Wifi Lemot
P-300,"Hapunten, internet lemot teuing, main game jadi lag terus, teuing, nuhun pisan",Wifi Lemot
P-277,"Mohon maaf min, lampu indikator router beureum tapi kabel na sae wae, geuning, makasih sebelumnya",Router Error
P-759,"Punten min, wifi di rumah lambat banget buat upload tugas. min,",Wifi Lemot
P-025,Kang naha teuaya akses internet nya ti tadi,Gangguan Pusat
P-045,Gimn  ini ko gada jawaban?,Internet Mati (LOS)
P-247,"Permisi min, koneksi wifi euweuh pisan ti tadi siang, teu acan uih, teuing, nuhun sateuacana",Internet Mati (LOS)
P-057,Tiap hari kaya gitu selalu di cabut,Router Error
P-124,"Wilujeng enjing, lampu LOS di modem hurung beureum ti wengi tadi, yeuh, hatur nuhun",Internet Mati (LOS)
P-864,"Sim kuring bade tumaros, kawentar aya perbaikan jaringan pusat ti isuk kénéh, weh, ditunggu kabarnya",Gangguan Pusat
P-295,"Permisi min, lampu LOS di modem hurung beureum ti wengi tadi, ditunggu kabarnya",Internet Mati (LOS)
P-159,"Nuhun sateuacana, internet di rumah abdi mati total ti tadi enjing, weh, tolong secepatnya ya",Internet Mati (LOS)
P-207,"Halo min, koneksi lambat pisan, buka youtube kudu nunggu lila, geuning, tolong secepatnya ya",Wifi Lemot
P-918," min, a tolong bantu cek, internet mati lampu indikator merah terus.",Internet Mati (LOS)
P-878," euy. punten min, internet mati lampu indikator merah (los) euy.",Internet Mati (LOS)
P-779," a, a tolong cek jaringan, wifi lemot pisan dari tadi pagi.",Wifi Lemot
P-765," mohon bantuannya, min tolong cek kenapa wifi saya lemot banget hari ini.",Wifi Lemot
P-266,"Wilujeng sonten, internet mati total sakomplek, lampu indikator beureum sadayana, yeuh, makasih sebelumnya",Internet Mati (LOS)
P-376,"Permisi min, abdi hilap can mayar tagihan, éta nu nyababkeun internet pareum, yeuh, hapunten ganggu",Belum Bayar Tagihan
P-529," tlong. a tolong cek router, kayaknya ada yang konslet di dalem.",Router Error
P-122,"Hapunten, lampu LOS di modem hurung beureum ti wengi tadi, teuing, tolong secepatnya ya",Internet Mati (LOS)
P-359,"kak mau nanya, wifi saya dimatiin dari pusat ya soalnya belum bayar tagihan?",Belum Bayar Tagihan
P-005,A masih belum ada jaringan,Router Error
P-778," a, punten min, wifi lemot pisan buat download aja ga jalan.",Wifi Lemot
P-673,"Mangga, punten bade robih password wifi, tiasa dibantos teu, geuning, tolong dicek ya",Ganti Password
P-370,"Selamat pagi min, bade naros, upami tagihan tos dibayar naha langsung nyambung deui, euy, tolong dibantu ya",Belum Bayar Tagihan
P-167,"Halo min, kacepetan wifi turun drastis ti kamari sonten, geuning, tolong dibantu ya",Wifi Lemot
P-013,Iya terima kasih,Router Error
P-703,"Min ganti sandi wifi dong a, tolong dicek ya. mohon bantuannya,",Ganti Password
P-182,Punten a router restart terus dari tadi pagi tolong dicek ya a,Router Error
P-625,"Punten, kabel fiber katarik treuk cenah, éta anu ngabalukarkeun jaringan mati sadayana, atuh, hapunten ganggu",Gangguan Pusat
P-695,"Punten, abdi hilap sandi wifi, bade dirobih deui tiasa henteu, geuning, tolong secepatnya ya",Ganti Password
P-373,"min jaringan ilang, apa karena saya belum bayar bulanan?",Belum Bayar Tagihan
P-439,"min internet putus nih, apa krn belom bayar tagihan bulan ini ya min?",Belum Bayar Tagihan
P-328,"Wilujeng enjing, wifi kacida na lemot na, streaming putus-putus wae, weh, punten pisan",Wifi Lemot
P-188,"Kumaha carana nya, aya kabel di luar putus keuna dahan tangkal, cenah teknisi keur dianteurkeun, atuh, nuhun pisan",Gangguan Pusat
P-795," euy. a tolong optimasi jaringan, wifi di rumah lemot banget.",Wifi Lemot
P-850,"A tolong cek kabel di tiang, kayaknya putus, lampu modem merah. tlong.",Gangguan Pusat
P-475," nuhun. a tolong cek router, kayaknya ada yang konslet di dalem.",Router Error
P-514," router error a, ga bisa konek hp sama sekali padahal deket.",Router Error
P-038,tolong wifi atas nama {Nama Pelanggan} ktp nya atas nama {Nama Pelanggan}.wifinya gangguan.tidak ada koneksi internet.trs lampunya merah.kenapa gangguan trs ya pa.,Internet Mati (LOS)
P-054,Tiasa ayeuna mah 🙏,Gangguan Pusat
P-504," tolong ya, a wifi mati, router jiga na mah error euy tolong.",Router Error
P-546,Min ada gangguan pusat ya? Temen saya juga mati wifinya. nuhun.,Gangguan Pusat
P-005,"Asalamualaikum 
Ini maksudnya gimana ya dari semalem gini Mulu 
Di matiin atau gimana dari sana nya soal nya yang lain mah pada bagus
Ini mah tidak terdeteksi sama sekali  sudah jam segini  🙏🙏",Router Error
P-230,"Mangga, wifi lemot pisan ti tadi enjing, susah dianggo streaming, hatur nuhun",Wifi Lemot
P-041,"Nuhun sateuacana, internet lemot teuing, main game jadi lag terus, teuing, punten pisan",Wifi Lemot
P-940,"Min lampu LOS merah terus dari tadi sore, tolong cek. euy.",Internet Mati (LOS)
P-435,"Wilujeng sonten, punten upami tos dibayar ayeuna, iraha deui hurungna, euy, punten pisan",Belum Bayar Tagihan
P-868,"Kak, wifi teu tiasa dianggo sama sakali ti isuk kénéh, geuning, makasih sebelumnya",Internet Mati (LOS)
P-116,"Kumaha carana nya, internet ngadadak pareum, lampu router beureum kabeh, pisan, hapunten ganggu",Internet Mati (LOS)
P-021,"Bisa skrg GK, Sy kirim sandi baru nya",Ganti Password
P-907," tlong. punten min, internet mati lampu indikator merah (los) a.",Internet Mati (LOS)
P-273,"Mohon maaf min, internet lemot teuing, main game jadi lag terus, weh, ditunggu kabarnya",Wifi Lemot
P-150,"Halo min, lampu LOS di modem hurung beureum ti wengi tadi, geuning, hatur nuhun",Internet Mati (LOS)
P-026,Terus kadang lemot pak,Router Error
P-697,"Hapunten, abdi hilap sandi wifi, bade dirobih deui tiasa henteu, geuning, tolong dicek ya",Ganti Password
P-723,"Min tolong ganti password wifi saya dong, udah banyak yang tau. min,",Ganti Password
P-395,"Halo min, punten upami tos dibayar ayeuna, iraha deui hurungna, atuh, nuhun pisan",Belum Bayar Tagihan
P-820,"Min kenapa ya wifi saya lemot banget pas hujan? mohon bantuannya,",Wifi Lemot
P-941,"Min lampu LOS merah terus dari tadi sore, tolong cek.",Internet Mati (LOS)
P-895," mohon bantuannya, punten min, wifi mati total lampu pon merah kedip.",Internet Mati (LOS)
P-715,"Wilujeng enjing, abdi hilap sandi wifi, bade dirobih deui tiasa henteu, hapunten ganggu",Ganti Password
P-304,"Mohon maaf min, modem euweuh sinyal, tulisan na LOS beureum wae ti tadi, teuing, ditunggu kabarnya",Internet Mati (LOS)
P-740," tlong. a tolong ganti password wifi, udah lemot gara gara banyak yang tau.",Ganti Password
P-863," min, min lampu los merah terus dari tadi sore, tolong cek.",Internet Mati (LOS)
P-018,udh d cabut bang,Router Error
P-409,"Kak, bade naros, upami tagihan tos dibayar naha langsung nyambung deui, weh, mohon bantuannya",Belum Bayar Tagihan
P-256,"Sim kuring bade tumaros, internet ngadadak pareum, lampu router beureum kabeh, euy, nuhun pisan",Internet Mati (LOS)
P-923," nuhun. a tolong kirim teknisi segera, internet mati lampu merah nyala.",Internet Mati (LOS)
P-932,"Selamat pagi min, internet ngadadak pareum, lampu router beureum kabeh, weh, tolong dicek ya",Internet Mati (LOS)
P-110,"Mangga, lampu LOS di modem hurung beureum ti wengi tadi, yeuh, tolong secepatnya ya",Internet Mati (LOS)
P-633," a, punten min, internet lagi down ya se-bandung?",Gangguan Pusat
P-260,"Nuhun sateuacana, router sok mati sorangan ti tadi enjing, teu apal kunaon, atuh, makasih sebelumnya",Router Error
P-232,"Selamat pagi min, lampu LOS di modem hurung beureum ti wengi tadi, pisan, tolong dibantu ya",Internet Mati (LOS)
P-855,Min lampu LOS merah kedip kedip dari tadi pagi a. nuhun.,Internet Mati (LOS)
P-018,Udah bagus. Makasih ya,Wifi Lemot
P-180,"Selamat pagi min, lampu indikator router beureum tapi kabel na sae wae, atuh, hapunten ganggu",Router Error
P-746," a, min naha wifi lemot pisan hari ini? dipake youtube muter terus.",Wifi Lemot
P-050,"Wilujeng sonten, internet lemot teuing, main game jadi lag terus, tolong secepatnya ya",Wifi Lemot
P-860,"Mangga, jaringan hilang total, tos ti tadi isuk teu acan uih deui, teuing, hatur nuhun",Internet Mati (LOS)
P-621,"Min wifi mati total, kata tetangga lagi gangguan pusat. euy.",Gangguan Pusat
P-269,"Kumaha carana nya, wifi teu tiasa dianggo sama sakali ti isuk kénéh, nuhun sateuacana",Internet Mati (LOS)
P-436,"Kumaha carana nya, punten upami tos dibayar ayeuna, iraha deui hurungna, yeuh, nuhun pisan",Belum Bayar Tagihan
P-690,"A mau ganti password wifi, ada tetangga yang tau sandinya. nuhun.",Ganti Password
P-355,"Min, wifi mati, sigana kusabab tagihan bulan kamari acan dibayar, weh, mohon bantuannya",Belum Bayar Tagihan
P-072,"Kak, aya tihang kabel ambruk, jaringan sadayana kapangaruhan, nuhun sateuacana",Gangguan Pusat
P-358,"Min, abdi hilap can mayar tagihan, éta nu nyababkeun internet pareum, yeuh, tolong secepatnya ya",Belum Bayar Tagihan
P-043,Bisa ga kak,Ganti Password
P-542,"Punten min, router error terus pas hujan gede. min,",Router Error
P-575, nuhun. a naha internet down kieu? info gangguan pusat a.,Gangguan Pusat
P-846,"Wilujeng enjing, sadayana tatangga oge ngaluhkeun wifi na mati, sigana keur gangguan, geuning, ditunggu kabarnya",Gangguan Pusat
P-699,"Sim kuring bade tumaros, punten bade robih password wifi, tiasa dibantos teu, pisan, tolong dicek ya",Ganti Password
P-049,"Asalamualaikum punten pk ini wifi kenapa ya tiap hari eror terusss ,,, lama lagi tidak ada internet nya",Gangguan Pusat
P-090,"Punten, internet ngadadak pareum, lampu router beureum kabeh, euy, hatur nuhun",Internet Mati (LOS)
P-875," tlong. punten min, wifi mati total lampu pon merah kedip-kedip.",Internet Mati (LOS)
P-043,"Asalamualaikum kk, mau ganti kata sandi wifi gmna ya, soalnya bnyk yg tau sma pake",Ganti Password
P-482," a, min, lampu internet di router mati, padahal kabel kenceng.",Router Error
P-098,"Mangga, internet mati total sakomplek, lampu indikator beureum sadayana, geuning, hatur nuhun",Internet Mati (LOS)
P-659," min ganti password wifi saya dong, udah lama ga diganti.",Ganti Password
P-344,"Selamat pagi min, hatur nuhun upami dibantos ganti sandi wifi ayeuna, hatur nuhun",Ganti Password
P-261,"Wilujeng enjing, aya kabel di luar putus keuna dahan tangkal, cenah teknisi keur dianteurkeun, weh, mohon bantuannya",Gangguan Pusat
P-852,"Min, wifi teu tiasa dianggo sama sakali ti isuk kénéh, pisan, tolong dicek ya",Internet Mati (LOS)
P-757," kak, punten min, wifi di rumah lambat banget buat anak sekolah.",Wifi Lemot
P-084,"Hapunten, internet ngadadak pareum, lampu router beureum kabeh, yeuh, tolong secepatnya ya",Internet Mati (LOS)
P-666," min, a tolong ganti nama wifi saya jadi 'wifi-gratis'.",Ganti Password
P-635,"Min info perbaikan pusat dong, wifi mati dari tadi.",Gangguan Pusat
P-632,"A info dong kalau lagi gangguan pusat, biar ga nunggu.",Gangguan Pusat
P-070,"Kak, koneksi lelet euy, buka WA wae hese pisan, weh, hatur nuhun",Wifi Lemot
P-525," nuhun. punten min, settingan router berubah sendiri jadi ga bisa konek.",Router Error
P-796," tolong ya, min kenapa ya wifi saya lemot banget dari tadi sore?",Wifi Lemot
P-011,"Wilujeng enjing, punten bade robih password wifi, tiasa dibantos teu, geuning, ditunggu kabarnya",Ganti Password
P-810,"Punten min, wifi di rumah lambat banget buat anak sekolah. mohon bantuannya,",Wifi Lemot
P-111,"Halo min, punten bade robih password wifi, tiasa dibantos teu, weh, ditunggu kabarnya",Ganti Password
P-276,"Min, aya tihang kabel ambruk, jaringan sadayana kapangaruhan, geuning, tolong dicek ya",Gangguan Pusat
P-322,"Wilujeng enjing, internet mati total sakomplek, lampu indikator beureum sadayana, pisan, tolong dibantu ya",Internet Mati (LOS)
P-335,"Punten, internet ngadat-ngadat terus ti tadi siang, hese pisan, geuning, tolong secepatnya ya",Wifi Lemot
P-307,"Mangga, sinyal wifi ical sadayana ti tadi sonten, euy, nuhun pisan",Internet Mati (LOS)
P-644,"Min wifi se-RT mati semua, tolong cek info gangguan. a,",Gangguan Pusat
P-828,"Min, koneksi lelet euy, buka WA wae hese pisan, pisan, hatur nuhun",Wifi Lemot
P-485,"A wifi mati, router jiga na mah error euy tolong. tlong.",Router Error
P-018,Wa ke yang satu gak di bls. Wa ke sini gak di bls.,Wifi Lemot
P-646,"Kak, hatur nuhun upami dibantos ganti sandi wifi ayeuna, teuing, makasih sebelumnya",Ganti Password
P-623,"Punten min, server lagi down ya? Tolong infonya. tlong.",Gangguan Pusat
P-050,"Mohon maaf min, kacepetan wifi turun drastis ti kamari sonten, weh, hapunten ganggu",Wifi Lemot
P-453," tolong ya, min tolong ganti router, kayaknya udah jadul jadi sering error.",Router Error
P-685, min mau ganti nama wifi biar ga ketauan orang lain.,Ganti Password
P-815," min, a tolong cek jaringan, wifi lemot pisan dari tadi pagi.",Wifi Lemot
P-669,"Mangga, abdi bade ganti kecap sandi wifi supados teu aya anu nunut deui, atuh, hapunten ganggu",Ganti Password
P-591,"A naha internet down kabeh? Server pusat lagi bermasalah? tolong ya,",Gangguan Pusat
P-399,"kak wifi mati tiba tiba, keknya adek lupa bayar tagihan bulan ini, tlong cekin",Belum Bayar Tagihan
P-843,"Punten min, wifi di rumah lambat banget buat kerja. mohon bantuannya,",Wifi Lemot
P-360,"Kak, punten upami tos dibayar ayeuna, iraha deui hurungna, euy, nuhun pisan",Belum Bayar Tagihan
P-862,Min lampu LOS merah kedip kedip dari tadi siang. nuhun.,Internet Mati (LOS)
P-206,"Halo min, router abdi mati sorangan, teu acan hurung deui ti tadi, yeuh, tolong secepatnya ya",Router Error
P-417,"Mangga, abdi hilap can mayar tagihan, éta nu nyababkeun internet pareum, yeuh, hatur nuhun",Belum Bayar Tagihan
P-497,"Permisi min, router abdi mati sorangan, teu acan hurung deui ti tadi, atuh, tolong dibantu ya",Router Error
P-759,"Mangga, wifi lemot pisan ti tadi enjing, susah dianggo streaming, tolong secepatnya ya",Wifi Lemot
P-841,"A internet lemot pisan euy, tolong dibantu. tlong.",Wifi Lemot
P-193,Min internet mati lampu merah di router nyala terus tolong dicek ya a,Internet Mati (LOS)
P-054,"Assalamualaikum Pak,wifi error",Gangguan Pusat
P-080,"Wilujeng enjing, koneksi lelet euy, buka WA wae hese pisan, atuh, nuhun sateuacana",Wifi Lemot
P-389,"Sim kuring bade tumaros, internet pareum, ari dicek sigana tunggakan tagihan acan lunas, geuning, tolong secepatnya ya",Belum Bayar Tagihan
P-022,"terus kumhaa, kabel apa na ",Internet Mati (LOS)
P-142,"Wilujeng sonten, wifi teu tiasa dianggo sama sakali ti isuk kénéh, atuh, tolong secepatnya ya",Internet Mati (LOS)
P-903," euy. a tolong cek kabel, internet mati lampu indikator merah a.",Internet Mati (LOS)
P-394,"Wilujeng enjing, internet pareum, ari dicek sigana tunggakan tagihan acan lunas, atuh, nuhun pisan",Belum Bayar Tagihan
P-560,"Min wifi se-RT mati semua, tolong cek info gangguan. tlong.",Gangguan Pusat
P-023,nya a pang gentos ken,Ganti Password
P-876,"A tolong kirim teknisi, internet mati lampu merah nyala. a,",Internet Mati (LOS)
P-732,"Nuhun sateuacana, abdi hilap sandi wifi, bade dirobih deui tiasa henteu, weh, tolong dibantu ya",Ganti Password
P-002,A ini jringannya emng lgi jelek ya,Gangguan Pusat
P-440,"kak wifi mati total, kyknya blm bayar tagihan bulanan, klo dibayar skrg langsung aktif?",Belum Bayar Tagihan
P-064,Tdi hp ker d perbaiki,Ganti Password
P-031,Merah dri tadi,Internet Mati (LOS)
P-636,"Punten min, server lagi maintenance ya? Wifi mati total. mohon bantuannya,",Gangguan Pusat
P-792," punten min, wifi lemot pisan buat dengerin spotify muter terus.",Wifi Lemot
P-517,"Min router di rumah lampunya kedap kedip terus kenapa ya? min,",Router Error
P-011,"Dari kmren magrib eror nya
Akses internet nya gk ada",Gangguan Pusat
P-095,"Sim kuring bade tumaros, router sok mati sorangan ti tadi enjing, teu apal kunaon, pisan, tolong secepatnya ya",Router Error
P-576," min, punten min, estimasi normal kapan ya? katanya gangguan pusat.",Gangguan Pusat
P-653,"Kak, bade ganti password wifi kusabab loba anu konek teu wios, atuh, punten pisan",Ganti Password
P-723,"Min, abdi bade ganti kecap sandi wifi supados teu aya anu nunut deui, weh, mohon bantuannya",Ganti Password
P-040,Dari semalem jm 11,Router Error
P-383,"Mohon maaf min, internet pareum, ari dicek sigana tunggakan tagihan acan lunas, atuh, ditunggu kabarnya",Belum Bayar Tagihan
P-749,"Nuhun sateuacana, internet ngadat-ngadat terus ti tadi siang, hese pisan, weh, makasih sebelumnya",Wifi Lemot
P-616,"Sim kuring bade tumaros, aya tihang kabel ambruk, jaringan sadayana kapangaruhan, atuh, makasih sebelumnya",Gangguan Pusat
P-532," tlong. min tolong, router saya jatoh sekarang jadi error ga bisa nyala.",Router Error
P-377,"Mangga, punten upami tos dibayar ayeuna, iraha deui hurungna, atuh, nuhun pisan",Belum Bayar Tagihan
P-902," a tolong bantu, internet mati lampu indikator merah terus.",Internet Mati (LOS)
P-002,"Sandinya ke hp? Soalnya nama WiFi nya jga ga muncul
Yg lain pada muncul yg Nurlaila aja yg gaada",Router Error
P-664,"Wilujeng enjing, abdi bade ganti kecap sandi wifi supados teu aya anu nunut deui, punten pisan",Ganti Password
P-085,"Mangga, router abdi mati sorangan, teu acan hurung deui ti tadi, yeuh, tolong secepatnya ya",Router Error
P-380,"Hapunten, abdi hilap can mayar tagihan, éta nu nyababkeun internet pareum, weh, makasih sebelumnya",Belum Bayar Tagihan
P-540," a router error euy, harus dipancing restart baru konek lagi.",Router Error
P-018,"interntet los bang
tersambung tp ga ada jaringang",Router Error
P-935," tlong. min lampu indikator los merah kedip kedip, internet mati total.",Internet Mati (LOS)
P-442,"Wilujeng sonten, bade naros, upami tagihan tos dibayar naha langsung nyambung deui, pisan, mohon bantuannya",Belum Bayar Tagihan
P-506, nuhun. a router di rumah mati lampu indikatornya semua.,Router Error
P-766," min, punten min, wifi di rumah lambat banget buat upload tugas.",Wifi Lemot
P-203,"Mohon maaf min, bade ganti password wifi kusabab loba anu konek teu wios, weh, mohon bantuannya",Ganti Password
P-832," euy. punten min, wifi di rumah ngelag banget buat main ml.",Wifi Lemot
P-808," a, punten min, wifi di rumah lambat banget buat kerja.",Wifi Lemot
P-400,"Hapunten, abdi hilap can mayar tagihan, éta nu nyababkeun internet pareum, atuh, tolong dibantu ya",Belum Bayar Tagihan
P-022,"Permisi min, lampu LOS di modem hurung beureum ti wengi tadi, weh, makasih sebelumnya",Internet Mati (LOS)
P-772,"A internet lemot pisan, tolong dioptimasi ya a. min,",Wifi Lemot
P-476," kak, min tolong, router saya jatoh sekarang jadi error ga bisa nyala.",Router Error
P-726," euy. min ganti sandi wifi dong a, tolong dicek ya.",Ganti Password
P-336,"Kak, internet ngadadak pareum, lampu router beureum kabeh, yeuh, ditunggu kabarnya",Internet Mati (LOS)
P-091,"Kumaha carana nya, internet lemot teuing, main game jadi lag terus, weh, nuhun sateuacana",Wifi Lemot
P-544,"A ini router kayaknya rusak, restart sendiri terus dari tadi pagi. mohon bantuannya,",Router Error
P-214,"Sim kuring bade tumaros, modem euweuh sinyal, tulisan na LOS beureum wae ti tadi, pisan, mohon bantuannya",Internet Mati (LOS)
P-228,"Nuhun sateuacana, hoyong ganti nami sareng sandi wifi bumi, geuning, punten pisan",Ganti Password
P-714," a, punten min, gantiin sandi wifi dong a, nuhun.",Ganti Password
P-683,"Punten min, cara ubah password wifi dari hp gimana? nuhun.",Ganti Password
P-028,"Maaf pak udah 2 hari ini sinyal wifi sahal net, lokasi skitaran mesjid dibawah kurang bagus",Gangguan Pusat
P-741,"Punten min, ganti password wifi rumah saya dong. tlong.",Ganti Password
P-559," min wifi mati total, denger denger lagi ada gangguan massal.",Gangguan Pusat
P-669,"Selamat pagi min, abdi bade ganti kecap sandi wifi supados teu aya anu nunut deui, weh, ditunggu kabarnya",Ganti Password
P-835,"A tolong optimasi jaringan, wifi di rumah lemot banget. mohon bantuannya,",Wifi Lemot
P-900,"Punten min, wifi mati total lampu pon merah kedip kedip nih. a,",Internet Mati (LOS)
P-005,"Semaleman engga ada jaringan sama sekali sampai sekarang
Harus dichat dulu baru suka ada jaringan lagi",Router Error
P-704,"A tolong ganti password wifi saya, ini no pelanggannya. tlong.",Ganti Password
P-023,"Mohon maaf min, abdi hilap sandi wifi, bade dirobih deui tiasa henteu, yeuh, nuhun sateuacana",Ganti Password
P-687,"Kak, hatur nuhun upami dibantos ganti sandi wifi ayeuna, weh, nuhun sateuacana",Ganti Password
P-419,"Punten, wifi mati, sigana kusabab tagihan bulan kamari acan dibayar, pisan, hatur nuhun",Belum Bayar Tagihan
P-627,"Nuhun sateuacana, kacida na gangguan na, jaringan mati ti tadi enjing sakomplek, geuning, nuhun pisan",Gangguan Pusat
P-013,A punten iye wifi awon ti siang,Router Error
P-135,"Mohon maaf min, bade ganti password wifi kusabab loba anu konek teu wios, atuh, tolong dibantu ya",Ganti Password
P-197,"Selamat pagi min, sinyal wifi ical sadayana ti tadi sonten, hapunten ganggu",Internet Mati (LOS)
P-114,"Nuhun sateuacana, punten bade robih password wifi, tiasa dibantos teu, yeuh, ditunggu kabarnya",Ganti Password
P-142,"Hapunten, wifi teu tiasa dianggo sama sakali ti isuk kénéh, teuing, hatur nuhun",Internet Mati (LOS)
P-375,"Mangga, wifi mati, sigana kusabab tagihan bulan kamari acan dibayar, weh, hapunten ganggu",Belum Bayar Tagihan
P-445,"Selamat pagi min, wifi mati, sigana kusabab tagihan bulan kamari acan dibayar, yeuh, nuhun pisan",Belum Bayar Tagihan
P-038,"Wilujeng enjing, koneksi wifi euweuh pisan ti tadi siang, teu acan uih, geuning, punten pisan",Internet Mati (LOS)
P-288,"Hapunten, koneksi wifi euweuh pisan ti tadi siang, teu acan uih, yeuh, tolong dibantu ya",Internet Mati (LOS)
P-906,Min lampu LOS merah kedip kedip dari tadi pagi a. euy.,Internet Mati (LOS)
P-246,"Halo min, koneksi lambat pisan, buka youtube kudu nunggu lila, yeuh, tolong dibantu ya",Wifi Lemot
P-813," min, a internet lemot pisan euy, tolong dibantu.",Wifi Lemot
P-789,"Halo min, internet ngadat-ngadat terus ti tadi siang, hese pisan, geuning, nuhun sateuacana",Wifi Lemot
P-480," min, min tolong cek router, sinyal merah terus padahal udah direstart.",Router Error
P-721," tlong. min mau ganti password wifi saya, tolong proses ya.",Ganti Password
P-034,Carana di cabut terus di colokan deui kitu,Router Error
P-817,"Selamat pagi min, wifi kacida na lemot na, streaming putus-putus wae, pisan, hatur nuhun",Wifi Lemot
P-891,"Punten min, wifi di rumah mati total lampu modem merah nih. tlong.",Internet Mati (LOS)
P-674,"Min mau ganti nama wifi sama sandinya sekalian bisa? tolong ya,",Ganti Password
P-291,A koneksi lelet banget buat buka tiktok aja susah,Wifi Lemot
P-595,"Punten min, estimasi normal kapan ya? Katanya gangguan pusat. a,",Gangguan Pusat
P-555," a, min cek jaringan pusat, kok mati semua pelanggan di sini.",Gangguan Pusat
P-005,Aa udah baguss lagii makasih infoo nyaa🙏🏻,Router Error
P-745,"Min mau ganti password wifi saya a, tolong bantuannya. tolong ya,",Ganti Password
P-004,"ngga jadi a
a udh nyalaa Wifi-nya ngga usah ke rumah",Router Error
P-420,"Kak, punten upami tos dibayar ayeuna, iraha deui hurungna, euy, mohon bantuannya",Belum Bayar Tagihan
P-289,"Mohon maaf min, internet di rumah abdi mati total ti tadi enjing, weh, nuhun sateuacana",Internet Mati (LOS)
P-573,"Punten min, lagi ada gangguan di server pusat ya?",Gangguan Pusat
P-001,"Asalamualaikum jaringan internet knapa ya wi, fi dari km 9 pgi merah",Internet Mati (LOS)
P-547,"Wilujeng sonten, kawentar aya perbaikan jaringan pusat ti isuk kénéh, tolong dicek ya",Gangguan Pusat
P-804,"A tolong cek jaringan, wifi lemot pisan dari tadi pagi. min,",Wifi Lemot
P-315,Min speed internet kok turun banget ya tolong di refresh jaringannya tolong dicek ya a,Wifi Lemot
P-411,kak kenapa internet mati tiba2? apa krn belom bayar tagihan bulanan?,Belum Bayar Tagihan
P-588, euy. a naha internet sekomplek mati? gangguan pusat nya?,Gangguan Pusat
P-376,"Wilujeng enjing, internet pareum, ari dicek sigana tunggakan tagihan acan lunas, geuning, tolong secepatnya ya",Belum Bayar Tagihan
P-161,"Punten, internet mati total sakomplek, lampu indikator beureum sadayana, yeuh, tolong dibantu ya",Internet Mati (LOS)
P-446,"Punten a, router error nih, udah dicabut colok tetep sama. mohon bantuannya,",Router Error
P-426,"Kak, punten upami tos dibayar ayeuna, iraha deui hurungna, geuning, punten pisan",Belum Bayar Tagihan
P-224,"Halo min, abdi bade ganti kecap sandi wifi supados teu aya anu nunut deui, pisan, makasih sebelumnya",Ganti Password
P-366,"Kak, abdi hilap can mayar tagihan, éta nu nyababkeun internet pareum, atuh, tolong secepatnya ya",Belum Bayar Tagihan
P-930," nuhun. a tolong cek kabel kayaknya putus, lampu modem merah (los).",Gangguan Pusat
P-637, tlong. a naha internet down pisan hari ini? ada gangguan pusat ya?,Gangguan Pusat
P-883,"Min kabel kayaknya putus nih, lampu LOS merah terus. nuhun.",Gangguan Pusat
P-745,"Nuhun sateuacana, punten bade robih password wifi, tiasa dibantos teu, euy, makasih sebelumnya",Ganti Password
P-010,Iyah pak sering banget sekarang suka elor hari ini ajah udah 3x,Router Error
P-767,"Kak, wifi lemot pisan ti tadi enjing, susah dianggo streaming, yeuh, hatur nuhun",Wifi Lemot
P-522," min, a router restart terus tiap 5 menit, kenapa ya?",Router Error
P-848," nuhun. min lampu los merah terus dari semalem, tolong cek.",Internet Mati (LOS)
P-348,"min cek tagihan dong, wifi mati tiba2 nih kayaknya blm lunas",Belum Bayar Tagihan
P-939,"Punten min, wifi mati total lampu pon merah kedip-kedip.",Internet Mati (LOS)
P-785," tlong. punten min, wifi di rumah ngelag banget buat streaming.",Wifi Lemot
P-101,"Kumaha carana nya, abdi bade ganti kecap sandi wifi supados teu aya anu nunut deui, makasih sebelumnya",Ganti Password
P-112,"Kumaha carana nya, koneksi lelet euy, buka WA wae hese pisan, pisan, nuhun pisan",Wifi Lemot
P-601," tolong ya, a naha wifi mati total se-rt? gangguan pusat nya?",Gangguan Pusat
P-003,"Halo min, sadayana tatangga oge ngaluhkeun wifi na mati, sigana keur gangguan, hatur nuhun",Gangguan Pusat
P-238,"Halo min, internet ngadadak pareum, lampu router beureum kabeh, hatur nuhun",Internet Mati (LOS)
P-170,"Min, internet lemot teuing, main game jadi lag terus, tolong dibantu ya",Wifi Lemot
P-889,"Min lampu LOS merah terus dari semalem, tolong cek. min,",Internet Mati (LOS)
P-068,Udah sinyal yah tolong di perkuat yah KA  soal yah kita bayar tepat waktu. Sinyal yah suka lemah,Gangguan Pusat
P-425,"Kumaha carana nya, internet pareum, ari dicek sigana tunggakan tagihan acan lunas, geuning, hatur nuhun",Belum Bayar Tagihan
P-196,"Mohon maaf min, internet ngadadak pareum, lampu router beureum kabeh, atuh, tolong dicek ya",Internet Mati (LOS)
P-349,"Nuhun sateuacana, punten upami tos dibayar ayeuna, iraha deui hurungna, euy, tolong dibantu ya",Belum Bayar Tagihan
P-679,"Punten min, tolong gantiin sandi wifi saya ya a. mohon bantuannya,",Ganti Password
P-626,"Min wifi mati total, denger denger lagi ada gangguan massal. min,",Gangguan Pusat
P-373,"Hapunten, bade naros, upami tagihan tos dibayar naha langsung nyambung deui, atuh, tolong secepatnya ya",Belum Bayar Tagihan
P-325,"Kak, koneksi lambat pisan, buka youtube kudu nunggu lila, euy, ditunggu kabarnya",Wifi Lemot
P-551," min, punten min, ini lagi ada perbaikan kabel pusat ya?",Gangguan Pusat
P-624,"Wilujeng enjing, aya kabel di luar putus keuna dahan tangkal, cenah teknisi keur dianteurkeun, pisan, punten pisan",Gangguan Pusat
P-390,"kak wifi mati total dari tadi pagi, kyknya blm bayar tagihan deh, tlong di cek",Belum Bayar Tagihan
P-262,"Min, wifi teu tiasa dianggo sama sakali ti isuk kénéh, weh, tolong dibantu ya",Internet Mati (LOS)
P-608,"Min wifi mati total, denger denger lagi ada gangguan massal. nuhun.",Gangguan Pusat
P-922,"Punten min, wifi di rumah mati total lampu modem merah a. kak,",Internet Mati (LOS)
P-055,"Bade digentos sanes kabelna?,..
Colokan Anu kana terminal APA Anu kana Wifina?..
Soalna Tadi tos dicabut Tapi teu ngaruh a.",Internet Mati (LOS)
P-005,A kumaha wifi teh nuju dii anggo nuju penting pisan hapunten we a🙏🏻,Router Error
P-261,"Punten, kabel fiber katarik treuk cenah, éta anu ngabalukarkeun jaringan mati sadayana, ditunggu kabarnya",Gangguan Pusat
P-423,kak kenapa internet mati tiba2? apa krn belom bayar tagihan bulanan ya?,Belum Bayar Tagihan
P-357,"Mangga, wifi mati, sigana kusabab tagihan bulan kamari acan dibayar, euy, nuhun sateuacana",Belum Bayar Tagihan
P-294,"Halo min, internet ngadat-ngadat terus ti tadi siang, hese pisan, tolong dicek ya",Wifi Lemot
P-356,min mau tanya kalau wifi mati gara-gara nunggak tagihan aktifinnya lama ga?,Belum Bayar Tagihan
P-927,"Selamat pagi min, kacida na gangguan na, jaringan mati ti tadi enjing sakomplek, weh, tolong dibantu ya",Gangguan Pusat
P-925,"Min lampu LOS merah terus dari tadi pagi, kenapa ya? euy.",Internet Mati (LOS)
P-461," a wifi bermasalah, pas dicek router indikator los padahal kabel oke.",Router Error
P-931," euy. a tolong cek kabel kayaknya putus, lampu modem merah (los).",Gangguan Pusat
P-005,Assalamualaikum  a punten  pisan bade nga wagel ayaa nu bade di Taroskeun ku naon nya a wifi teh eror wae teu tiasa dii anggo ungal sore🙏🏻,Router Error
P-208,"Halo min, punten bade robih password wifi, tiasa dibantos teu, nuhun sateuacana",Ganti Password
P-396,"Punten, punten upami tos dibayar ayeuna, iraha deui hurungna, euy, nuhun pisan",Belum Bayar Tagihan
P-822,"A tolong cek jaringan pusat, wifi di rumah lemot banget. mohon bantuannya,",Wifi Lemot
P-262,Punten a ini server lagi down apa gimana ya ga bisa dipake pisan tolong dicek ya a,Gangguan Pusat
P-167,"Kak, koneksi lelet euy, buka WA wae hese pisan, pisan, hatur nuhun",Wifi Lemot
P-268,"Punten, internet mati total sakomplek, lampu indikator beureum sadayana, weh, tolong secepatnya ya",Internet Mati (LOS)
P-348,"Nuhun sateuacana, bade naros, upami tagihan tos dibayar naha langsung nyambung deui, yeuh, makasih sebelumnya",Belum Bayar Tagihan
P-067,"Punten,, wifi dirumah Bpk Daden saurna error ti tabuh 3 .. Haturnuhun 🙏🙏",Router Error
P-003,a wifi naha ngeleg kie,Wifi Lemot
P-466,"Mangga, router panas pisan, sinyal wifi jadi kaganggu, atuh, ditunggu kabarnya",Router Error
P-752,"Halo min, internet lemot teuing, main game jadi lag terus, geuning, hatur nuhun",Wifi Lemot
P-889,"Wilujeng sonten, koneksi wifi euweuh pisan ti tadi siang, teu acan uih, geuning, hatur nuhun",Internet Mati (LOS)
P-541," nuhun. punten min, router rumah restart sendiri terus pas lagi dipake.",Router Error
P-161,"Wilujeng sonten, jaringan hilang total, tos ti tadi isuk teu acan uih deui, geuning, tolong secepatnya ya",Internet Mati (LOS)
P-920,"Min lampu LOS merah kedip kedip dari tadi malem. a,",Internet Mati (LOS)
P-890," mohon bantuannya, punten min, internet mati lampu indikator merah (los) euy.",Internet Mati (LOS)
P-407,"min internet putus total, kyknya blm bayar tagihan bulanan, tlong dibantu",Belum Bayar Tagihan
P-932,"Permisi min, sinyal wifi ical sadayana ti tadi sonten, atuh, hatur nuhun",Internet Mati (LOS)
P-042,"Kumaha carana nya, abdi hilap sandi wifi, bade dirobih deui tiasa henteu, weh, tolong dibantu ya",Ganti Password
P-844,"A naha wifi lemot kieu? Tolong dioptimasi a. mohon bantuannya,",Wifi Lemot
P-943,"Punten min, wifi di rumah mati total lampu modem merah.",Internet Mati (LOS)
P-113,"Wilujeng enjing, internet ngadadak pareum, lampu router beureum kabeh, weh, tolong dibantu ya",Internet Mati (LOS)
P-501," a, punten a, router di ruang tamu mati total.",Router Error
P-866," kak, punten min, internet mati lampu indikator merah (los).",Internet Mati (LOS)
P-104,"Min, internet di rumah abdi mati total ti tadi enjing, punten pisan",Internet Mati (LOS)
P-054,Pak tolong dijawab,Router Error
P-093,"Mohon maaf min, internet lemot teuing, main game jadi lag terus, punten pisan",Wifi Lemot
P-438,"Sim kuring bade tumaros, wifi mati, sigana kusabab tagihan bulan kamari acan dibayar, nuhun pisan",Belum Bayar Tagihan
P-437,"Nuhun sateuacana, internet pareum, ari dicek sigana tunggakan tagihan acan lunas, geuning, makasih sebelumnya",Belum Bayar Tagihan
P-566," min, a cek server pusat dong, wifi di rumah ga jalan.",Gangguan Pusat
P-558,"Nuhun sateuacana, kabel fiber katarik treuk cenah, éta anu ngabalukarkeun jaringan mati sadayana, yeuh, hapunten ganggu",Gangguan Pusat
P-800," tlong. a tolong cek jaringan pusat, wifi di rumah lemot banget.",Wifi Lemot
P-776,"Punten min, wifi lemot pisan buat nonton netflix buffering terus. tolong ya,",Wifi Lemot
P-045,Haloo min gimn?,Internet Mati (LOS)
P-023,enyaa entos hatur nuhun a,Ganti Password
P-665,"Wilujeng sonten, punten bade robih password wifi, tiasa dibantos teu, teuing, ditunggu kabarnya",Ganti Password
P-227,"Mangga, wifi abdi pareum sadayana ti tadi, teu acan hurung deui, weh, hapunten ganggu",Internet Mati (LOS)
P-794,"Min tolong cek kenapa wifi saya lemot banget hari ini. kak,",Wifi Lemot
P-350,kok ga ada internet ya? padahal lampu modem ijo semua. oiya apa blm bayar bulan ini?,Belum Bayar Tagihan
P-553,"Punten min, ada gangguan fiber optik pusat ya? min,",Gangguan Pusat
P-005,Assalamualaikum a gimanaa yaa wifi eror terus dari kemarin,Router Error
P-760,"Punten min, wifi lemot pisan buat download aja ga jalan. min,",Wifi Lemot
P-411,"Mohon maaf min, abdi hilap can mayar tagihan, éta nu nyababkeun internet pareum, atuh, ditunggu kabarnya",Belum Bayar Tagihan
P-570," euy. min wifi se-rt mati semua, tolong cek info gangguan.",Gangguan Pusat
P-543,"Min, lampu indikator router beureum tapi kabel na sae wae, geuning, tolong dicek ya",Router Error
P-526,"A tolong cek router, kayaknya ada yang konslet di dalem. min,",Router Error
P-431,"Hapunten, internet pareum, ari dicek sigana tunggakan tagihan acan lunas, yeuh, nuhun pisan",Belum Bayar Tagihan
P-641," euy. punten min, wifi mati sekomplek, kayaknya gangguan pusat.",Gangguan Pusat
P-047,"Halo min, jaringan sakomplek katingalna keur aya gangguan pusat, euy, mohon bantuannya",Gangguan Pusat
P-271,"Hapunten, internet di rumah abdi mati total ti tadi enjing, yeuh, nuhun pisan",Internet Mati (LOS)
P-824, tlong. a naha wifi lemot kieu? padahal deket router.,Wifi Lemot
P-924," mohon bantuannya, min kabel kayaknya putus, lampu los merah terus a.",Gangguan Pusat
P-631,"Punten min, info gangguan pusat dong, wifi mati nih. min,",Gangguan Pusat
P-582," euy. punten min, jaringan lagi down ya? temen saya juga sama mati.",Gangguan Pusat
P-223,"Wilujeng enjing, lampu router kedap-kedip teu wajar ti tadi wengi, pisan, hatur nuhun",Router Error
P-934,"Min lampu LOS merah kedip kedip dari tadi siang. min,",Internet Mati (LOS)
P-036,Assalamualaikum pak maaf WiFi mati,Internet Mati (LOS)
P-406,"Halo min, wifi mati, sigana kusabab tagihan bulan kamari acan dibayar, euy, hapunten ganggu",Belum Bayar Tagihan
P-320,"Hapunten, bade ganti password wifi kusabab loba anu konek teu wios, geuning, ditunggu kabarnya",Ganti Password
P-270,"Selamat pagi min, modem euweuh sinyal, tulisan na LOS beureum wae ti tadi, euy, nuhun pisan",Internet Mati (LOS)
P-443,"Nuhun sateuacana, punten upami tos dibayar ayeuna, iraha deui hurungna, geuning, nuhun pisan",Belum Bayar Tagihan
P-789,"Kumaha carana nya, internet lemot teuing, main game jadi lag terus, pisan, tolong secepatnya ya",Wifi Lemot
P-115,"Punten, router abdi mati sorangan, teu acan hurung deui ti tadi, atuh, tolong secepatnya ya",Router Error
P-192,"Halo min, internet ngadadak pareum, lampu router beureum kabeh, nuhun sateuacana",Internet Mati (LOS)
P-356,"Permisi min, bade naros, upami tagihan tos dibayar naha langsung nyambung deui, yeuh, tolong dicek ya",Belum Bayar Tagihan
P-052,"Assalamu'alaikum a maaf knp wifi nya gk ad sinyalan ny,, tp lampuna biru semua ko",Gangguan Pusat
P-202,"Mangga, punten bade robih password wifi, tiasa dibantos teu, teuing, makasih sebelumnya",Ganti Password
P-782,"Nuhun sateuacana, internet lemot teuing, main game jadi lag terus, teuing, tolong dibantu ya",Wifi Lemot
P-686," mohon bantuannya, punten min, minta tolong ubah nama wifi saya.",Ganti Password
P-402,min kenapa internet mati ya? apa krn ada tagihan yg belom lunas?,Belum Bayar Tagihan
P-054,"Masih lama ya pak,sampe sekarang blm bisa,untung nya ada kuota",Gangguan Pusat
P-100,"Selamat pagi min, wifi abdi pareum sadayana ti tadi, teu acan hurung deui, weh, nuhun sateuacana",Internet Mati (LOS)
P-471," a, punten a, router error nih, udah dicabut colok tetep sama.",Router Error
P-347,"wifi di rumah kok ga bsa konek, perasaan bulan ini blm byr deh",Belum Bayar Tagihan
P-655,"Hapunten, bade ganti password wifi kusabab loba anu konek teu wios, pisan, tolong dicek ya",Ganti Password
P-280,"Mohon maaf min, wifi na lemot pisan dianggo kerja ti bumi, atuh, tolong dicek ya",Wifi Lemot
P-488,"Min, router abdi mati sorangan, teu acan hurung deui ti tadi, weh, makasih sebelumnya",Router Error
P-033,"Mangga, koneksi wifi euweuh pisan ti tadi siang, teu acan uih, geuning, hatur nuhun",Internet Mati (LOS)
P-829,"Nuhun sateuacana, wifi kacida na lemot na, streaming putus-putus wae, pisan, makasih sebelumnya",Wifi Lemot
P-643,A naha internet mati berjamaah? Gangguan pusat nya? tlong.,Gangguan Pusat
P-484,"Min wifi mati total, router kayaknya error sistem. tolong ya,",Router Error
P-020,Sinyal wifi awon ning a,Wifi Lemot
P-348,"Mangga, abdi hilap can mayar tagihan, éta nu nyababkeun internet pareum, euy, nuhun sateuacana",Belum Bayar Tagihan
P-537,"A tolong cek router, kayaknya ada yang konslet di dalem. euy.",Router Error
P-599," mohon bantuannya, a jaringan lagi bermasalah ya dari pusatnya?",Gangguan Pusat
P-296,"Kak, internet lemot teuing, main game jadi lag terus, yeuh, makasih sebelumnya",Wifi Lemot
P-244,"Mohon maaf min, lampu router kedap-kedip teu wajar ti tadi wengi, euy, makasih sebelumnya",Router Error
P-872,"Mohon maaf min, wifi abdi pareum sadayana ti tadi, teu acan hurung deui, atuh, tolong dibantu ya",Internet Mati (LOS)
P-604," tlong. punten min, info gangguan massal hari ini ada ga?",Gangguan Pusat
P-424,"min wifi mati total, kyknya blm bayar bulanan deh, tlong di cek no id nya",Belum Bayar Tagihan
P-151,"Sim kuring bade tumaros, wifi kacida na lemot na, streaming putus-putus wae, geuning, nuhun sateuacana",Wifi Lemot
P-184,Min router saya error euy ga mau konek ke hp,Router Error
P-430,"Wilujeng sonten, punten upami tos dibayar ayeuna, iraha deui hurungna, geuning, tolong dibantu ya",Belum Bayar Tagihan
P-847,"Nuhun sateuacana, aya tihang kabel ambruk, jaringan sadayana kapangaruhan, yeuh, punten pisan",Gangguan Pusat
P-758," tolong ya, min kenapa ya wifi saya lemot banget pas hujan?",Wifi Lemot
P-711," nuhun. a mau ganti password wifi, tolong dibantu ya min.",Ganti Password
P-429,"min internet terisolir ya? maaf blm bayar tagihan bulanan kmrn, tlong diaktifin",Belum Bayar Tagihan
P-015,"Kak knpa yah wifi saya kok lemot bgt,,",Wifi Lemot
P-626,"Kumaha carana nya, sadayana tatangga oge ngaluhkeun wifi na mati, sigana keur gangguan, euy, punten pisan",Gangguan Pusat
P-033,Assalamu'alaikum ini knp wifi nya ko jelek jaringan nya,Internet Mati (LOS)
P-583,"Min wifi mati total, kata tetangga lagi gangguan pusat. kak,",Gangguan Pusat
P-054,"Tolong pak kl mau error kasih info biar saya ngisi kuota
Ini aja numpang ke pembeli",Gangguan Pusat
P-499,"A router error euy, harus dipancing restart baru konek lagi. nuhun.",Router Error
P-220,"Sim kuring bade tumaros, hoyong ganti nami sareng sandi wifi bumi, geuning, punten pisan",Ganti Password
P-399,"Mangga, bade naros, upami tagihan tos dibayar naha langsung nyambung deui, yeuh, tolong dibantu ya",Belum Bayar Tagihan
P-498,"Punten min, router indikatornya mati satu, internet jadi ga jalan. a,",Router Error
P-761,"A naha wifi lemot kieu? Padahal deket router. min,",Wifi Lemot
P-917,"A tolong cek kabel di tiang, kayaknya putus, lampu modem merah. euy.",Gangguan Pusat
P-805, euy. min kenapa ya wifi saya lemot banget pas hujan?,Wifi Lemot
P-329,"Halo min, bade ganti password wifi kusabab loba anu konek teu wios, tolong dibantu ya",Ganti Password
P-025,Oh gitu makasih untuk info nya,Gangguan Pusat
P-235,"Min di grup warga pada bilang wifi mati, emang gangguan pusat?",Gangguan Pusat
P-403,"Sim kuring bade tumaros, internet pareum, ari dicek sigana tunggakan tagihan acan lunas, weh, tolong secepatnya ya",Belum Bayar Tagihan
P-140,"Sim kuring bade tumaros, hoyong ganti nami sareng sandi wifi bumi, weh, mohon bantuannya",Ganti Password
P-005,"Selamat pagi min, router sok mati sorangan ti tadi enjing, teu apal kunaon, geuning, nuhun sateuacana",Router Error
P-043,Mau ganti aja kak kata sandi nya pake tanggal,Ganti Password
P-050,punten kang wfi lemot wae gening,Wifi Lemot
P-412,"min wifi mati total, kyknya nunggak bayar tagihan deh, tlong cek no id nya",Belum Bayar Tagihan
P-020,Ok hatur nuhun,Wifi Lemot
P-668,"Mangga, abdi bade ganti kecap sandi wifi supados teu aya anu nunut deui, pisan, tolong dicek ya",Ganti Password
P-005,Ini sampai besok engga ada jaringan ?,Router Error
P-039,Ouh pantesan jlk banget hari ini,Internet Mati (LOS)
P-333,"Mohon maaf min, wifi teu tiasa dianggo sama sakali ti isuk kénéh, weh, tolong secepatnya ya",Internet Mati (LOS)
P-367,"Nuhun sateuacana, internet pareum, ari dicek sigana tunggakan tagihan acan lunas, yeuh, punten pisan",Belum Bayar Tagihan
P-265,"Mohon maaf min, internet ngadadak pareum, lampu router beureum kabeh, atuh, mohon bantuannya",Internet Mati (LOS)
P-618,"Wilujeng enjing, sadayana tatangga oge ngaluhkeun wifi na mati, sigana keur gangguan, weh, tolong dicek ya",Gangguan Pusat
P-295,"Nuhun sateuacana, koneksi wifi euweuh pisan ti tadi siang, teu acan uih, yeuh, tolong dibantu ya",Internet Mati (LOS)
P-125,"Mangga, sinyal wifi ical sadayana ti tadi sonten, pisan, tolong dicek ya",Internet Mati (LOS)
P-821,Min tolong cek kenapa wifi saya lemot banget belakangan ini.,Wifi Lemot
P-726,"Selamat pagi min, abdi bade ganti kecap sandi wifi supados teu aya anu nunut deui, pisan, hapunten ganggu",Ganti Password
P-035,Bisa ganti sandi wifi kan,Ganti Password
P-348,"Min, wifi mati, sigana kusabab tagihan bulan kamari acan dibayar, weh, punten pisan",Belum Bayar Tagihan
P-851,"Min kabel kayaknya putus ketarik truk, lampu LOS merah. nuhun.",Gangguan Pusat
P-023,"Nuhun sateuacana, punten bade robih password wifi, tiasa dibantos teu, teuing, hapunten ganggu",Ganti Password
P-308,"Kumaha carana nya, hoyong ganti nami sareng sandi wifi bumi, teuing, tolong dicek ya",Ganti Password
P-505,"Min tolong ganti router, kayaknya udah jadul jadi sering error. a,",Router Error
P-823,"Punten min, wifi lemot pisan buat buka wa aja lama. kak,",Wifi Lemot
P-911," kak, min kabel kayaknya putus ketarik truk, lampu los merah.",Gangguan Pusat
P-395,"Wilujeng enjing, internet pareum, ari dicek sigana tunggakan tagihan acan lunas, weh, tolong dicek ya",Belum Bayar Tagihan
P-366,"Kumaha carana nya, wifi mati, sigana kusabab tagihan bulan kamari acan dibayar, geuning, ditunggu kabarnya",Belum Bayar Tagihan
P-127,"Sim kuring bade tumaros, koneksi lelet euy, buka WA wae hese pisan, euy, makasih sebelumnya",Wifi Lemot
P-063,Atos DA listrik mah normal,Router Error
P-512,"Punten a, router di rumah error terus minta di reset kayaknya. tolong ya,",Router Error
P-354,"Halo min, abdi hilap can mayar tagihan, éta nu nyababkeun internet pareum, atuh, tolong dicek ya",Belum Bayar Tagihan
P-597,"Punten, wifi mati babarengan sakomplek, sigana aya gangguan di jaringan pusat, tolong dibantu ya",Gangguan Pusat
P-044,Sering banget elor nya,Router Error
P-166,"Min, wifi kacida na lemot na, streaming putus-putus wae, tolong dicek ya",Wifi Lemot
P-005,Ouhh hatur nuhun a info na🙏🏻,Router Error
P-324,"Min, lampu indikator router beureum tapi kabel na sae wae, teuing, tolong dicek ya",Router Error
P-676,"Mangga, abdi hilap sandi wifi, bade dirobih deui tiasa henteu, yeuh, tolong dibantu ya",Ganti Password
P-403,"Permisi min, abdi hilap can mayar tagihan, éta nu nyababkeun internet pareum, euy, tolong secepatnya ya",Belum Bayar Tagihan
P-129,"Hapunten, wifi na lemot pisan dianggo kerja ti bumi, pisan, nuhun pisan",Wifi Lemot
P-874,"Hapunten, wifi abdi pareum sadayana ti tadi, teu acan hurung deui, teuing, nuhun sateuacana",Internet Mati (LOS)
P-005,"Nuhun sateuacana, lampu indikator router beureum tapi kabel na sae wae, tolong dibantu ya",Router Error
P-647," kak, a tolong ganti password wifi rumah saya, ini id nya.",Ganti Password
P-317,"Sim kuring bade tumaros, koneksi lelet euy, buka WA wae hese pisan, nuhun pisan",Wifi Lemot
P-877,"Punten min, wifi mati total lampu pon merah kedip a. min,",Internet Mati (LOS)
P-465," mohon bantuannya, punten min, router error terus pas hujan gede.",Router Error
P-341,"Selamat pagi min, router abdi mati sorangan, teu acan hurung deui ti tadi, atuh, tolong dicek ya",Router Error
P-556," min, punten min, info gangguan pusat dong, wifi mati nih.",Gangguan Pusat
P-049,Sampe ber jam2 eror nya,Gangguan Pusat
P-464," mohon bantuannya, a router di rumah error euy, tolong dibantu cek.",Router Error
P-845," mohon bantuannya, min internet di rumah lambat banget, tolong direset ya.",Wifi Lemot
P-280,"Nuhun sateuacana, wifi lemot pisan ti tadi enjing, susah dianggo streaming, geuning, hatur nuhun",Wifi Lemot
P-776,"Min, wifi kacida na lemot na, streaming putus-putus wae, weh, nuhun sateuacana",Wifi Lemot
P-123,"Selamat pagi min, internet ngadadak pareum, lampu router beureum kabeh, euy, nuhun sateuacana",Internet Mati (LOS)
P-386,"kak wifi mati nih, keknya blm bayar tagihan bulanan, kl mau bayar dmn ya?",Belum Bayar Tagihan
P-831,"Wilujeng sonten, kacepetan wifi turun drastis ti kamari sonten, euy, tolong dicek ya",Wifi Lemot
P-786, euy. min kenapa ya wifi saya lemot banget dari semalem?,Wifi Lemot
P-071,"Router nya d kamar anak saya,ke kamar saya gak nyampe cmn ke halang satu dinding",Wifi Lemot
P-412,"Kumaha carana nya, bade naros, upami tagihan tos dibayar naha langsung nyambung deui, weh, hatur nuhun",Belum Bayar Tagihan
P-003,Mun ges root we,Internet Mati (LOS)
P-012,Cara ganti sandi wifi 🙏🙏🙏,Ganti Password
P-397,"Mangga, punten upami tos dibayar ayeuna, iraha deui hurungna, yeuh, mohon bantuannya",Belum Bayar Tagihan
P-047,Asamaualiku bang wf jaringan nya jelek kenapa ya?,Gangguan Pusat
P-429,"Kumaha carana nya, punten upami tos dibayar ayeuna, iraha deui hurungna, yeuh, mohon bantuannya",Belum Bayar Tagihan
P-438,"Halo min, punten upami tos dibayar ayeuna, iraha deui hurungna, geuning, makasih sebelumnya",Belum Bayar Tagihan
P-630,"Punten min, estimasi gangguan pusat berapa lama ya? min,",Gangguan Pusat
P-012,assalamualaikum cara ganti password wifi,Ganti Password
P-340,"Punten, punten bade robih password wifi, tiasa dibantos teu, euy, punten pisan",Ganti Password
P-747,"Halo min, internet lemot teuing, main game jadi lag terus, euy, tolong secepatnya ya",Wifi Lemot
P-435,"Nuhun sateuacana, punten upami tos dibayar ayeuna, iraha deui hurungna, geuning, nuhun sateuacana",Belum Bayar Tagihan
P-083,"Selamat pagi min, lampu LOS di modem hurung beureum ti wengi tadi, teuing, nuhun sateuacana",Internet Mati (LOS)
P-740,"Halo min, bade ganti password wifi kusabab loba anu konek teu wios, euy, tolong dibantu ya",Ganti Password
P-153,"Min, internet di rumah abdi mati total ti tadi enjing, pisan, mohon bantuannya",Internet Mati (LOS)
P-907,"Sim kuring bade tumaros, modem euweuh sinyal, tulisan na LOS beureum wae ti tadi, tolong dicek ya",Internet Mati (LOS)
P-061,"Ok, Eror keneh wae pak",Router Error
P-142,"Min, modem euweuh sinyal, tulisan na LOS beureum wae ti tadi, pisan, hapunten ganggu",Internet Mati (LOS)
P-410,min internet terisolir ya gara2 telat bayar tagihan? tlong cek no pelanggan sy,Belum Bayar Tagihan
P-535,"Min, lampu indikator router beureum tapi kabel na sae wae, yeuh, tolong dibantu ya",Router Error
P-328,"Punten, wifi lemot pisan ti tadi enjing, susah dianggo streaming, geuning, tolong dicek ya",Wifi Lemot
P-681,"A tolong ganti password wifi, udah lemot gara gara banyak yang tau. mohon bantuannya,",Ganti Password
P-639,"Punten min, ada gangguan fiber optik pusat ya? tolong ya,",Gangguan Pusat
P-179,"Wilujeng sonten, wifi lemot pisan ti tadi enjing, susah dianggo streaming, punten pisan",Wifi Lemot
P-462," euy. punten a, router di rumah bermasalah lampu wlan ga nyala.",Router Error
P-586,"Hapunten, aya tihang kabel ambruk, jaringan sadayana kapangaruhan, pisan, punten pisan",Gangguan Pusat
P-005,Ntos A tapi masih teu ayaan keneh,Router Error
P-173,"Kumaha carana nya, koneksi wifi euweuh pisan ti tadi siang, teu acan uih, geuning, tolong dicek ya",Internet Mati (LOS)
P-037,Wifi nya dong.ngk ada internet nya ini🙏🏻,Internet Mati (LOS)
P-493,Min ini router merk ini emang sering error ya? Tolong ganti.,Router Error
P-099,"Kak, internet di rumah abdi mati total ti tadi enjing, teuing, nuhun pisan",Internet Mati (LOS)
P-812," min, punten min, wifi lemot pisan buat download aja ga jalan.",Wifi Lemot
P-312,"Wilujeng sonten, koneksi lambat pisan, buka youtube kudu nunggu lila, yeuh, nuhun sateuacana",Wifi Lemot
P-440,"Hapunten, bade naros, upami tagihan tos dibayar naha langsung nyambung deui, yeuh, tolong dicek ya",Belum Bayar Tagihan
P-594," tolong ya, min info perbaikan pusat dong, wifi mati dari tadi.",Gangguan Pusat
P-830," kak, punten min, wifi di rumah ngelag banget buat main ml.",Wifi Lemot
P-016,"Gk tau atuh
Anu d winda anu d luar na hurung",Router Error
P-018,"Selamat pagi min, internet ngadat-ngadat terus ti tadi siang, hese pisan, nuhun sateuacana",Wifi Lemot
P-253,"Punten, abdi bade ganti kecap sandi wifi supados teu aya anu nunut deui, atuh, mohon bantuannya",Ganti Password
P-945,"Punten, jaringan hilang total, tos ti tadi isuk teu acan uih deui, euy, tolong dicek ya",Internet Mati (LOS)
P-693,"Selamat pagi min, hoyong ganti nami sareng sandi wifi bumi, euy, tolong dibantu ya",Ganti Password
P-093,"Hapunten, koneksi lelet euy, buka WA wae hese pisan, yeuh, tolong dibantu ya",Wifi Lemot
P-110,"Permisi min, sinyal wifi ical sadayana ti tadi sonten, atuh, nuhun pisan",Internet Mati (LOS)
P-912,"Punten min, internet mati lampu indikator merah (LOS) a. nuhun.",Internet Mati (LOS)
P-204,"Halo min, wifi lemot pisan ti tadi enjing, susah dianggo streaming, yeuh, nuhun sateuacana",Wifi Lemot
P-763,"Kak, wifi kacida na lemot na, streaming putus-putus wae, tolong secepatnya ya",Wifi Lemot
P-282,"Kak, router sok mati sorangan ti tadi enjing, teu apal kunaon, teuing, mohon bantuannya",Router Error
P-494,"Punten min, settingan router berubah sendiri jadi ga bisa konek. a,",Router Error
P-054,Mau cek mbanking susah,Router Error
P-422,"Min, bade naros, upami tagihan tos dibayar naha langsung nyambung deui, teuing, punten pisan",Belum Bayar Tagihan
P-033,"Selamat pagi min, internet di rumah abdi mati total ti tadi enjing, geuning, ditunggu kabarnya",Internet Mati (LOS)
P-885,"A tolong cek kabel di luar, kayaknya putus, lampu modem merah. tolong ya,",Gangguan Pusat
P-837," nuhun. punten min, wifi lemot pisan buat download aja ga jalan.",Wifi Lemot
P-791,"Sim kuring bade tumaros, kacepetan wifi turun drastis ti kamari sonten, yeuh, tolong secepatnya ya",Wifi Lemot
P-347,"Hapunten, internet pareum, ari dicek sigana tunggakan tagihan acan lunas, atuh, hatur nuhun",Belum Bayar Tagihan
P-850,"Wilujeng sonten, kabel fiber katarik treuk cenah, éta anu ngabalukarkeun jaringan mati sadayana, weh, punten pisan",Gangguan Pusat
P-705,"A tolong ganti password wifi saya biar lebih aman. min,",Ganti Password
P-018,"Permisi min, koneksi lambat pisan, buka youtube kudu nunggu lila, weh, nuhun sateuacana",Wifi Lemot
P-445,"Min, punten upami tos dibayar ayeuna, iraha deui hurungna, euy, nuhun sateuacana",Belum Bayar Tagihan
P-347,"Halo min, abdi hilap can mayar tagihan, éta nu nyababkeun internet pareum, teuing, nuhun sateuacana",Belum Bayar Tagihan
P-186,"Punten, router panas pisan, sinyal wifi jadi kaganggu, atuh, ditunggu kabarnya",Router Error
P-938,"Punten min, wifi di rumah mati total lampu modem merah nih. kak,",Internet Mati (LOS)
P-068,Iyah KA makasih.  Batas hp kata yah kan 6 yah 4 kadang ga bisa KA mohon batuan yah KA atas nama abdilah. Sesuai batas hp  kan mau lebaran Kak Aya ini bisa yg satu hp ga bisa,Gangguan Pusat
P-644,"Punten, kabel fiber katarik treuk cenah, éta anu ngabalukarkeun jaringan mati sadayana, geuning, nuhun pisan",Gangguan Pusat
P-410,"Mohon maaf min, bade naros, upami tagihan tos dibayar naha langsung nyambung deui, euy, mohon bantuannya",Belum Bayar Tagihan
P-351,"Kumaha carana nya, wifi mati, sigana kusabab tagihan bulan kamari acan dibayar, teuing, tolong dibantu ya",Belum Bayar Tagihan
P-740,"Wilujeng enjing, hatur nuhun upami dibantos ganti sandi wifi ayeuna, atuh, hapunten ganggu",Ganti Password
P-005,Hatur nuhun a atos sae deui🙏🏻hapunten abdi ngawagel,Router Error
P-301,"Mohon maaf min, punten bade robih password wifi, tiasa dibantos teu, atuh, tolong dicek ya",Ganti Password
P-567,"Permisi min, kacida na gangguan na, jaringan mati ti tadi enjing sakomplek, teuing, tolong dibantu ya",Gangguan Pusat
P-915,"Wilujeng enjing, lampu LOS di modem hurung beureum ti wengi tadi, weh, tolong secepatnya ya",Internet Mati (LOS)
P-696,"Halo min, hatur nuhun upami dibantos ganti sandi wifi ayeuna, euy, nuhun pisan",Ganti Password
P-033,Assalamu'alaikum a punten ini sinyal Wifi knp ko jelek ya lgi ada gangguan kah,Internet Mati (LOS)
P-320,"Wilujeng sonten, abdi bade ganti kecap sandi wifi supados teu aya anu nunut deui, weh, tolong dicek ya",Ganti Password
P-029,Punten waifi t subuh jore deui,Router Error
P-467," tlong. a router bermasalah, sinyal wifinya ga nyampe kamar.",Router Error
P-237,"Kak, abdi hilap sandi wifi, bade dirobih deui tiasa henteu, yeuh, hatur nuhun",Ganti Password
P-043,Atos hatur nuhun🙏,Ganti Password
P-414,"Halo min, bade naros, upami tagihan tos dibayar naha langsung nyambung deui, weh, nuhun sateuacana",Belum Bayar Tagihan
P-050,"Min, wifi lemot pisan ti tadi enjing, susah dianggo streaming, atuh, tolong dibantu ya",Wifi Lemot
P-405,"Nuhun sateuacana, internet pareum, ari dicek sigana tunggakan tagihan acan lunas, atuh, tolong dibantu ya",Belum Bayar Tagihan
P-054,"Pak,wifi nya gangguan melulu,Masya Allah menguras emosi pagi pagi mau cek mbangking",Gangguan Pusat
P-145,"Hapunten, koneksi lelet euy, buka WA wae hese pisan, yeuh, hapunten ganggu",Wifi Lemot
P-154,"Sim kuring bade tumaros, internet mati total sakomplek, lampu indikator beureum sadayana, weh, makasih sebelumnya",Internet Mati (LOS)
P-045,"Untuk bulan mei kecepatan mbps nya di kurangi ya min soal nya drumah hanya ada 2 orang yg pke,jdi saya pilih pket perbulan yg 150 ya",Internet Mati (LOS)
P-624,"Permisi min, sadayana tatangga oge ngaluhkeun wifi na mati, sigana keur gangguan, teuing, hatur nuhun",Gangguan Pusat
P-366,"Kumaha carana nya, internet pareum, ari dicek sigana tunggakan tagihan acan lunas, ditunggu kabarnya",Belum Bayar Tagihan
P-892,"Min kabel fiber optik putus nih, lampu LOS merah terus a. tolong ya,",Gangguan Pusat
P-103,"Kumaha carana nya, lampu LOS di modem hurung beureum ti wengi tadi, atuh, ditunggu kabarnya",Internet Mati (LOS)
P-061,"Halo min, router abdi mati sorangan, teu acan hurung deui ti tadi, punten pisan",Router Error
P-181,"Punten, abdi hilap sandi wifi, bade dirobih deui tiasa henteu, euy, makasih sebelumnya",Ganti Password
P-194,"Halo min, jaringan hilang total, tos ti tadi isuk teu acan uih deui, weh, mohon bantuannya",Internet Mati (LOS)
P-374,"siang kak, wifi mati nih, kayanya belum bayar tagihan. no pelanggan 182729",Belum Bayar Tagihan
P-383,"Kumaha carana nya, abdi hilap can mayar tagihan, éta nu nyababkeun internet pareum, tolong dicek ya",Belum Bayar Tagihan
P-496," min, a tolong cek router, kayaknya ada yang konslet di dalem.",Router Error
P-374,"Selamat pagi min, punten upami tos dibayar ayeuna, iraha deui hurungna, geuning, tolong dicek ya",Belum Bayar Tagihan
P-448,"Min wifi mati total, router kayaknya error sistem. tlong.",Router Error
P-412,"Permisi min, abdi hilap can mayar tagihan, éta nu nyababkeun internet pareum, teuing, hapunten ganggu",Belum Bayar Tagihan
P-208,"Punten, punten bade robih password wifi, tiasa dibantos teu, geuning, hapunten ganggu",Ganti Password
P-724,"Kumaha carana nya, hoyong ganti nami sareng sandi wifi bumi, yeuh, tolong secepatnya ya",Ganti Password
P-346,"Permisi min, bade naros, upami tagihan tos dibayar naha langsung nyambung deui, teuing, ditunggu kabarnya",Belum Bayar Tagihan
P-435,"Mohon maaf min, internet pareum, ari dicek sigana tunggakan tagihan acan lunas, yeuh, makasih sebelumnya",Belum Bayar Tagihan
P-151,"Hapunten, internet lemot teuing, main game jadi lag terus, atuh, hapunten ganggu",Wifi Lemot
P-918,"Selamat pagi min, jaringan hilang total, tos ti tadi isuk teu acan uih deui, euy, tolong dibantu ya",Internet Mati (LOS)
P-817,"Mohon maaf min, kacepetan wifi turun drastis ti kamari sonten, yeuh, tolong secepatnya ya",Wifi Lemot
P-064,"Mangga, hoyong ganti nami sareng sandi wifi bumi, tolong secepatnya ya",Ganti Password
P-278,"Nuhun sateuacana, kacepetan wifi turun drastis ti kamari sonten, euy, makasih sebelumnya",Wifi Lemot
P-366,"Min, internet pareum, ari dicek sigana tunggakan tagihan acan lunas, teuing, hatur nuhun",Belum Bayar Tagihan
P-787,"A tolong cek jaringan pusat, wifi di rumah lemot banget.",Wifi Lemot
P-823,"Min, wifi kacida na lemot na, streaming putus-putus wae, weh, hapunten ganggu",Wifi Lemot
P-910," min, punten min, wifi di rumah mati total lampu modem merah nih.",Internet Mati (LOS)
P-369,"Mohon maaf min, punten upami tos dibayar ayeuna, iraha deui hurungna, euy, ditunggu kabarnya",Belum Bayar Tagihan
P-005,Kabel internet atau kabel power nya A?,Router Error
P-701," punten min, mau ganti sandi wifi biar lebih cepet internetnya.",Ganti Password
P-417,"Halo min, bade naros, upami tagihan tos dibayar naha langsung nyambung deui, yeuh, nuhun sateuacana",Belum Bayar Tagihan
P-861,"A tolong cek kabel kayaknya putus, lampu modem merah (LOS). mohon bantuannya,",Gangguan Pusat
P-067,"Maaf Pak,, kumaha wifi teh.. Lampu normal tp tetep koneksi terbatas,, untuk wilayah cibungur sadayana kitu..!!",Router Error
P-424,"Kumaha carana nya, wifi mati, sigana kusabab tagihan bulan kamari acan dibayar, pisan, tolong dibantu ya",Belum Bayar Tagihan
P-709,"Punten min, cara ganti password wifi indihome gimana? nuhun.",Ganti Password
P-152,"Permisi min, koneksi wifi euweuh pisan ti tadi siang, teu acan uih, weh, hatur nuhun",Internet Mati (LOS)
P-909," mohon bantuannya, min lampu los merah kedip kedip dari tadi malem.",Internet Mati (LOS)
P-590," tlong. min info perbaikan pusat dong, wifi mati dari tadi.",Gangguan Pusat
P-352,"A internet mati, can bayar tagihan nya?",Belum Bayar Tagihan
P-339,"Nuhun sateuacana, wifi mati babarengan sakomplek, sigana aya gangguan di jaringan pusat, weh, hapunten ganggu",Gangguan Pusat
P-413,"A tulung cek wifi mati, bilih teu acan bayar tagihan bulanan abdi teh",Belum Bayar Tagihan
P-688,"A mau ganti password wifi, ada yang numpang pake terus. tlong.",Ganti Password
P-022,"Permisi min, sinyal wifi ical sadayana ti tadi sonten, pisan, tolong dicek ya",Internet Mati (LOS)
P-043,"Min, abdi hilap sandi wifi, bade dirobih deui tiasa henteu, yeuh, hatur nuhun",Ganti Password
P-439,"Kumaha carana nya, bade naros, upami tagihan tos dibayar naha langsung nyambung deui, weh, punten pisan",Belum Bayar Tagihan
P-243,"Hapunten, bade ganti password wifi kusabab loba anu konek teu wios, geuning, tolong dicek ya",Ganti Password
P-639,"Wilujeng enjing, server pusat sigana nuju perbaikan, wifi sadayana pareum, teuing, nuhun pisan",Gangguan Pusat
P-009,Tapi lampu indikator normal sadayana gangguan naon punteun,Gangguan Pusat
P-806,"Min kenapa wifi saya lemot banget ya padahal baru bayar? min,",Wifi Lemot
P-404,"kak internet di rumah mati, kyknya blm bayar tagihan minggu lalu, tlong di cek",Belum Bayar Tagihan
P-790,"Mohon maaf min, kacepetan wifi turun drastis ti kamari sonten, yeuh, mohon bantuannya",Wifi Lemot
P-423,"Mohon maaf min, punten upami tos dibayar ayeuna, iraha deui hurungna, geuning, nuhun pisan",Belum Bayar Tagihan
P-275,"Punten, router panas pisan, sinyal wifi jadi kaganggu, yeuh, makasih sebelumnya",Router Error
P-284,Punten a ini server lagi down apa gimana ya ga bisa dipake pisan,Gangguan Pusat
P-382,"min wifi saya mati, apa kena isolir karena nunggak bayar?",Belum Bayar Tagihan
P-039,Ouh sekarang ge jlk,Gangguan Pusat
P-908," euy. punten min, wifi mati total, lampu pon merah kedip kedip.",Internet Mati (LOS)
P-553,"Halo min, jaringan sakomplek katingalna keur aya gangguan pusat, teuing, tolong dibantu ya",Gangguan Pusat
P-449,"Min cek jaringan, router di rumah error lampu merahnya kedip cepet. kak,",Router Error
P-433,"Halo min, punten upami tos dibayar ayeuna, iraha deui hurungna, pisan, mohon bantuannya",Belum Bayar Tagihan
P-406,"Kak, abdi hilap can mayar tagihan, éta nu nyababkeun internet pareum, pisan, hatur nuhun",Belum Bayar Tagihan
P-030,muhun ti wengi .,Router Error
P-838,"Permisi min, kacepetan wifi turun drastis ti kamari sonten, yeuh, ditunggu kabarnya",Wifi Lemot
P-640,"Kumaha carana nya, kabel fiber katarik treuk cenah, éta anu ngabalukarkeun jaringan mati sadayana, atuh, ditunggu kabarnya",Gangguan Pusat
P-352,"Mohon maaf min, wifi mati, sigana kusabab tagihan bulan kamari acan dibayar, atuh, ditunggu kabarnya",Belum Bayar Tagihan
P-737,"Kumaha carana nya, hoyong ganti nami sareng sandi wifi bumi, euy, nuhun sateuacana",Ganti Password
P-904," tlong. min lampu los merah terus dari tadi pagi, kenapa ya?",Internet Mati (LOS)
P-589,"A server lagi down ya? Dari tadi pagi ga bisa konek. min,",Gangguan Pusat
P-004,"asalamualaikum, a INII Wifi-nya lagi jlk yaa?? apa ada masalah dengan Wifi-nya",Wifi Lemot
P-401,"Sim kuring bade tumaros, internet pareum, ari dicek sigana tunggakan tagihan acan lunas, nuhun sateuacana",Belum Bayar Tagihan
P-468,"A router di rumah tiba tiba mati total lampu powernya ga nyala. a,",Router Error
P-333,"Min di grup warga pada bilang wifi mati, emang gangguan pusat? tolong dicek ya a",Gangguan Pusat
P-944," tlong. punten min, wifi mati total lampu pon merah kedip.",Internet Mati (LOS)
P-713," min mau ganti password wifi saya a, mohon bantuannya.",Ganti Password
P-697,"Nuhun sateuacana, abdi bade ganti kecap sandi wifi supados teu aya anu nunut deui, pisan, ditunggu kabarnya",Ganti Password
P-201,"Wilujeng enjing, lampu router kedap-kedip teu wajar ti tadi wengi, pisan, hapunten ganggu",Router Error
P-901," mohon bantuannya, min kabel fiber optik putus nih, lampu los merah terus a.",Gangguan Pusat
P-004,"Wilujeng enjing, wifi na lemot pisan dianggo kerja ti bumi, atuh, nuhun sateuacana",Wifi Lemot
P-748,"Halo min, koneksi lambat pisan, buka youtube kudu nunggu lila, geuning, tolong dicek ya",Wifi Lemot
P-269,"Hapunten, wifi abdi pareum sadayana ti tadi, teu acan hurung deui, euy, mohon bantuannya",Internet Mati (LOS)
P-793," punten min, wifi lemot pisan buat download aja ga jalan.",Wifi Lemot
P-054,"Pak,ini sampai kapan mau error",Gangguan Pusat
P-059,Ini wifi kenapa ya pa gk ada internet terus,Gangguan Pusat
P-360,"Permisi min, wifi mati, sigana kusabab tagihan bulan kamari acan dibayar, atuh, hapunten ganggu",Belum Bayar Tagihan
P-587,"A naha internet down kieu? Info gangguan pusat a. mohon bantuannya,",Gangguan Pusat
P-880,"A tolong cek kabel, internet mati lampu indikator merah. tlong.",Internet Mati (LOS)
P-654,"Min, hoyong ganti nami sareng sandi wifi bumi, euy, mohon bantuannya",Ganti Password
P-909,"Halo min, modem euweuh sinyal, tulisan na LOS beureum wae ti tadi, teuing, tolong dibantu ya",Internet Mati (LOS)
P-338,"Selamat pagi min, internet ngadat-ngadat terus ti tadi siang, hese pisan, teuing, tolong secepatnya ya",Wifi Lemot
P-929,"Selamat pagi min, kawentar aya perbaikan jaringan pusat ti isuk kénéh, pisan, mohon bantuannya",Gangguan Pusat
P-418,"Kak, internet pareum, ari dicek sigana tunggakan tagihan acan lunas, geuning, tolong dicek ya",Belum Bayar Tagihan
P-404,"Halo min, bade naros, upami tagihan tos dibayar naha langsung nyambung deui, teuing, ditunggu kabarnya",Belum Bayar Tagihan
P-719,"Selamat pagi min, bade ganti password wifi kusabab loba anu konek teu wios, pisan, nuhun sateuacana",Ganti Password
P-571," euy. min wifi se-rw mati semua, tolong dicek gangguan pusat bukan.",Gangguan Pusat
P-418,"Wilujeng sonten, internet pareum, ari dicek sigana tunggakan tagihan acan lunas, teuing, nuhun sateuacana",Belum Bayar Tagihan
P-764," tolong ya, a naha wifi lemot kieu? padahal deket router.",Wifi Lemot
P-927,"Min, wifi mati babarengan sakomplek, sigana aya gangguan di jaringan pusat, euy, tolong dicek ya",Gangguan Pusat
P-450," router bermasalah nih a, tombol powernya macet.",Router Error
P-003,iye wifi di Imah urang kunaon eweh jaringan internetan,Internet Mati (LOS)
P-870,"A tolong kirim teknisi, lampu indikator merah (LOS) nyala. mohon bantuannya,",Internet Mati (LOS)
P-507,"Min, tolong cek router saya, kayaknya kena petir semalam. euy.",Router Error
P-427,"min internet putus nih, apa krn belom bayar tagihan bulan ini ya kak?",Belum Bayar Tagihan
P-790,"Nuhun sateuacana, wifi kacida na lemot na, streaming putus-putus wae, geuning, tolong dibantu ya",Wifi Lemot
P-413,"Sim kuring bade tumaros, punten upami tos dibayar ayeuna, iraha deui hurungna, weh, tolong secepatnya ya",Belum Bayar Tagihan
P-387,"Wilujeng enjing, internet pareum, ari dicek sigana tunggakan tagihan acan lunas, atuh, ditunggu kabarnya",Belum Bayar Tagihan
P-349,"Hapunten, abdi hilap can mayar tagihan, éta nu nyababkeun internet pareum, weh, nuhun sateuacana",Belum Bayar Tagihan
P-628,"Min wifi mati total, kata tetangga lagi gangguan pusat. a,",Gangguan Pusat
P-702," nuhun. punten min, minta tolong ubah nama wifi saya.",Ganti Password
P-352,"Selamat pagi min, internet pareum, ari dicek sigana tunggakan tagihan acan lunas, pisan, nuhun pisan",Belum Bayar Tagihan
P-472,"Punten a, router di ruang tamu mati total. mohon bantuannya,",Router Error
P-368,"Selamat pagi min, wifi mati, sigana kusabab tagihan bulan kamari acan dibayar, geuning, nuhun pisan",Belum Bayar Tagihan
P-353,"Wilujeng sonten, punten upami tos dibayar ayeuna, iraha deui hurungna, yeuh, ditunggu kabarnya",Belum Bayar Tagihan
P-427,"Mangga, punten upami tos dibayar ayeuna, iraha deui hurungna, pisan, makasih sebelumnya",Belum Bayar Tagihan
P-163,"Kak, wifi teu tiasa dianggo sama sakali ti isuk kénéh, teuing, tolong secepatnya ya",Internet Mati (LOS)
P-457," tolong ya, punten min, router error pas dipake main game tiba tiba mati.",Router Error
P-518,"Min cek jaringan, router di rumah error lampu merahnya kedip cepet.",Router Error
P-378,"Punten, wifi mati, sigana kusabab tagihan bulan kamari acan dibayar, teuing, nuhun sateuacana",Belum Bayar Tagihan
P-240,"Sim kuring bade tumaros, koneksi lelet euy, buka WA wae hese pisan, mohon bantuannya",Wifi Lemot
P-287,"Mangga, lampu indikator router beureum tapi kabel na sae wae, euy, ditunggu kabarnya",Router Error
P-323,"Halo min, router abdi mati sorangan, teu acan hurung deui ti tadi, teuing, nuhun pisan",Router Error
P-402,"Kumaha carana nya, punten upami tos dibayar ayeuna, iraha deui hurungna, euy, nuhun pisan",Belum Bayar Tagihan
P-012,"Wilujeng enjing, hoyong ganti nami sareng sandi wifi bumi, yeuh, tolong dicek ya",Ganti Password
P-433,"Kak, abdi hilap can mayar tagihan, éta nu nyababkeun internet pareum, atuh, hapunten ganggu",Belum Bayar Tagihan
P-350,"Punten, punten upami tos dibayar ayeuna, iraha deui hurungna, weh, nuhun pisan",Belum Bayar Tagihan
P-379,"Wilujeng sonten, punten upami tos dibayar ayeuna, iraha deui hurungna, yeuh, nuhun pisan",Belum Bayar Tagihan
P-138,"Sim kuring bade tumaros, internet lemot teuing, main game jadi lag terus, teuing, tolong dicek ya",Wifi Lemot
P-454,"Min cek jaringan, router di rumah error lampu merahnya kedip cepet. nuhun.",Router Error
P-035,Eh ntar aja katanya seminggu lgi,Ganti Password
P-040,Kang  anu atas nama {Nama Pelanggan} mati,Router Error
P-490," tlong. min cek modem rumah saya, kayaknya error sistem.",Router Error
P-063,Pak wifi teh NU KA rumah abdi hungkul parem kos kieu Kanu sanes mah normal Ning ku naon nya,Router Error
P-675," mohon bantuannya, punten min, gantiin sandi wifi dong a, nuhun.",Ganti Password
P-362,"Selamat pagi min, abdi hilap can mayar tagihan, éta nu nyababkeun internet pareum, euy, punten pisan",Belum Bayar Tagihan
P-043,"Mangga, abdi bade ganti kecap sandi wifi supados teu aya anu nunut deui, teuing, tolong dicek ya",Ganti Password
P-005,"Asalamualaikum 
A mau jam berapa ganti router wifi the",Router Error
P-237,"Hapunten, punten bade robih password wifi, tiasa dibantos teu, pisan, tolong dibantu ya",Ganti Password
P-018,bisa di cabut colok dulu adaftornya,Router Error
P-717,"Sim kuring bade tumaros, hoyong ganti nami sareng sandi wifi bumi, yeuh, nuhun sateuacana",Ganti Password
P-523,"Punten, lampu indikator router beureum tapi kabel na sae wae, atuh, tolong secepatnya ya",Router Error
P-382,"Punten, wifi mati, sigana kusabab tagihan bulan kamari acan dibayar, teuing, punten pisan",Belum Bayar Tagihan
P-628,"Hapunten, kawentar aya perbaikan jaringan pusat ti isuk kénéh, tolong secepatnya ya",Gangguan Pusat
P-853,"A tolong cek kabel, internet mati lampu indikator merah ya a. kak,",Internet Mati (LOS)
P-064,"Wilujeng enjing, hoyong ganti nami sareng sandi wifi bumi, weh, punten pisan",Ganti Password
P-054,Pak gimana nih wifi nya,Router Error
P-360,"Kak, abdi hilap can mayar tagihan, éta nu nyababkeun internet pareum, teuing, hapunten ganggu",Belum Bayar Tagihan
P-057,"Nuhun sateuacana, router sok mati sorangan ti tadi enjing, teu apal kunaon, yeuh, nuhun pisan",Router Error
P-773," kak, min kenapa ya wifi saya lemot banget dari semalem?",Wifi Lemot
P-801,"A naha wifi lemot kieu? Tolong dibantu cek a. mohon bantuannya,",Wifi Lemot
P-137,"Permisi min, hoyong ganti nami sareng sandi wifi bumi, geuning, ditunggu kabarnya",Ganti Password
P-003,"Wilujeng sonten, internet di rumah abdi mati total ti tadi enjing, makasih sebelumnya",Internet Mati (LOS)
P-579,"Punten min, server lagi maintenance ya? Wifi mati total.",Gangguan Pusat
P-136,"Mohon maaf min, koneksi lambat pisan, buka youtube kudu nunggu lila, atuh, tolong secepatnya ya",Wifi Lemot
P-780,"A internet lemot banget euy, tolong direset dari pusat. tlong.",Wifi Lemot
P-584,"Min wifi se-RW mati semua, tolong dicek gangguan pusat bukan. min,",Gangguan Pusat
P-041,Aa Ning wife teh kewarung mah jelek,Wifi Lemot
P-372,"Nuhun sateuacana, wifi mati, sigana kusabab tagihan bulan kamari acan dibayar, pisan, tolong secepatnya ya",Belum Bayar Tagihan
P-203,"Nuhun sateuacana, hoyong ganti nami sareng sandi wifi bumi, euy, punten pisan",Ganti Password
P-081,"Mangga, bade ganti password wifi kusabab loba anu konek teu wios, euy, nuhun pisan",Ganti Password
P-451,"Punten, router abdi mati sorangan, teu acan hurung deui ti tadi, pisan, punten pisan",Router Error
P-229,"Hapunten, router sok mati sorangan ti tadi enjing, teu apal kunaon, geuning, nuhun pisan",Router Error
P-820,"Kak, internet lemot teuing, main game jadi lag terus, teuing, makasih sebelumnya",Wifi Lemot
P-534,"A naha router di imah teh error wae, capek restartna. a,",Router Error
P-492," euy. router error mas, lampu pon nyala merah tapi bukan kabel putus.",Router Error
P-856,"Min kabel fiber optik putus euy, lampu LOS merah terus. kak,",Gangguan Pusat
P-179,"Nuhun sateuacana, koneksi lelet euy, buka WA wae hese pisan, euy, ditunggu kabarnya",Wifi Lemot
P-593," tolong ya, min wifi mati total, kata tetangga lagi gangguan pusat.",Gangguan Pusat
P-004,knpa yaa INII ko matii?? yang lainn maa pada nyala,Router Error
P-313,"Nuhun sateuacana, bade ganti password wifi kusabab loba anu konek teu wios, makasih sebelumnya",Ganti Password
P-231,"Punten, hatur nuhun upami dibantos ganti sandi wifi ayeuna, atuh, tolong secepatnya ya",Ganti Password
P-839,"Selamat pagi min, wifi kacida na lemot na, streaming putus-putus wae, teuing, makasih sebelumnya",Wifi Lemot
P-086,"Selamat pagi min, koneksi lelet euy, buka WA wae hese pisan, yeuh, hatur nuhun",Wifi Lemot
P-857,"Mohon maaf min, wifi mati babarengan sakomplek, sigana aya gangguan di jaringan pusat, atuh, tolong dicek ya",Gangguan Pusat
P-892,"Kumaha carana nya, server pusat sigana nuju perbaikan, wifi sadayana pareum, atuh, nuhun pisan",Gangguan Pusat
P-217,"Halo min, hoyong ganti nami sareng sandi wifi bumi, yeuh, mohon bantuannya",Ganti Password
P-108,"Permisi min, lampu LOS di modem hurung beureum ti wengi tadi, tolong dicek ya",Internet Mati (LOS)
P-043,"Permisi min, hoyong ganti nami sareng sandi wifi bumi, yeuh, makasih sebelumnya",Ganti Password
P-038,"Selamat pagi min, wifi abdi pareum sadayana ti tadi, teu acan hurung deui, pisan, nuhun sateuacana",Internet Mati (LOS)
P-565,"Wilujeng enjing, informasi ti grup warga, jaringan keur gangguan massal sapoe ieu, nuhun sateuacana",Gangguan Pusat
P-056,"WiFi Nya jlk LG tpi nyala hijau,.
Ada perbaikan APA gmn?..
Dari pagi Tadi soalny",Gangguan Pusat
P-605, nuhun. a server lagi down ya? dari tadi pagi ga bisa konek.,Gangguan Pusat
P-578,Min naha wifi mati berjamaah kieu? Gangguan pusat nya a? tlong.,Gangguan Pusat
P-085,"Mangga, router abdi mati sorangan, teu acan hurung deui ti tadi, teuing, tolong dicek ya",Router Error
P-728,"Hapunten, abdi bade ganti kecap sandi wifi supados teu aya anu nunut deui, geuning, ditunggu kabarnya",Ganti Password
P-652," euy. punten min, cara ubah password wifi dari hp gimana?",Ganti Password
P-456," kak, punten a, router di rumah lampu alarmnya nyala terus.",Router Error
P-718,"Min, hatur nuhun upami dibantos ganti sandi wifi ayeuna, yeuh, tolong secepatnya ya",Ganti Password
P-363,"pagi kak, internet mati tiba2, kayaknya bapak lupa bayar bulan ini. bisa dibantu cek?",Belum Bayar Tagihan
P-005,"Selamat pagi min, router abdi mati sorangan, teu acan hurung deui ti tadi, atuh, punten pisan",Router Error
P-205,"Hapunten, server pusat sigana nuju perbaikan, wifi sadayana pareum, atuh, hatur nuhun",Gangguan Pusat
P-033,"Min, lampu LOS di modem hurung beureum ti wengi tadi, pisan, hapunten ganggu",Internet Mati (LOS)
P-668,"Min, abdi bade ganti kecap sandi wifi supados teu aya anu nunut deui, geuning, tolong dibantu ya",Ganti Password
P-267,"Nuhun sateuacana, hoyong ganti nami sareng sandi wifi bumi, pisan, punten pisan",Ganti Password
P-062,"Selamat pagi min, kawentar aya perbaikan jaringan pusat ti isuk kénéh, atuh, tolong dicek ya",Gangguan Pusat
P-566,"Kak, jaringan sakomplek katingalna keur aya gangguan pusat, geuning, ditunggu kabarnya",Gangguan Pusat
P-945,"Hapunten, modem euweuh sinyal, tulisan na LOS beureum wae ti tadi, yeuh, nuhun pisan",Internet Mati (LOS)
P-020,"Punten, kacepetan wifi turun drastis ti kamari sonten, yeuh, tolong secepatnya ya",Wifi Lemot
P-846,"Mangga, sadayana tatangga oge ngaluhkeun wifi na mati, sigana keur gangguan, teuing, ditunggu kabarnya",Gangguan Pusat
P-130,"Kumaha carana nya, internet lemot teuing, main game jadi lag terus, weh, tolong dibantu ya",Wifi Lemot
P-337,"Mohon maaf min, punten bade robih password wifi, tiasa dibantos teu, weh, nuhun pisan",Ganti Password
P-788," euy. punten min, wifi lemot pisan buat buka wa aja lama.",Wifi Lemot
P-256,"A, info dong lagi ada gangguan jaringan ya? merah semua nih tolong dicek ya a",Gangguan Pusat
P-528," euy. a wifi ga jalan, pas dicek router bau gosong.",Router Error
P-060,Oh nya di antos pak,Gangguan Pusat
P-043,"26032026 
Soalnya bnyk yg pke jadi lemot",Ganti Password
P-371,"Punten, internet pareum, ari dicek sigana tunggakan tagihan acan lunas, pisan, punten pisan",Belum Bayar Tagihan
P-642,A naha internet down pisan hari ini? Ada gangguan pusat ya?,Gangguan Pusat
P-380,"Hapunten, abdi hilap can mayar tagihan, éta nu nyababkeun internet pareum, geuning, nuhun pisan",Belum Bayar Tagihan
P-249,"Punten, kacepetan wifi turun drastis ti kamari sonten, euy, hatur nuhun",Wifi Lemot
P-050,punten wfi jaringan nana jelek pk,Gangguan Pusat
P-317,"Wilujeng enjing, kacepetan wifi turun drastis ti kamari sonten, yeuh, mohon bantuannya",Wifi Lemot
P-861,"Min, jaringan sakomplek katingalna keur aya gangguan pusat, teuing, hapunten ganggu",Gangguan Pusat
P-919," a, punten min, wifi mati total, lampu pon merah kedip kedip.",Internet Mati (LOS)
P-538," min, a wifi bermasalah, pas dicek router indikator los padahal kabel oke.",Router Error
P-588,"Wilujeng sonten, kabel fiber katarik treuk cenah, éta anu ngabalukarkeun jaringan mati sadayana, weh, ditunggu kabarnya",Gangguan Pusat
P-511,"A router bermasalah, sinyal wifinya ga nyampe kamar. a,",Router Error
P-695,"Kak, bade ganti password wifi kusabab loba anu konek teu wios, pisan, ditunggu kabarnya",Ganti Password
P-054,Untung nya ada kuota,Router Error
P-409,"Halo min, abdi hilap can mayar tagihan, éta nu nyababkeun internet pareum, geuning, tolong dibantu ya",Belum Bayar Tagihan
P-064,"Punten, abdi hilap sandi wifi, bade dirobih deui tiasa henteu, teuing, tolong dibantu ya",Ganti Password
P-070,"Atas nama Nolis Nurul Islam, tadi na kata sandi Rafa1995, hoyong di ganti Rafa2018",Ganti Password
P-407,"Selamat pagi min, wifi mati, sigana kusabab tagihan bulan kamari acan dibayar, teuing, hapunten ganggu",Belum Bayar Tagihan
P-670," nuhun. min ganti sandi wifi dong a, tolong dicek ya.",Ganti Password
P-150,"Wilujeng enjing, internet di rumah abdi mati total ti tadi enjing, yeuh, hapunten ganggu",Internet Mati (LOS)
P-098,"Permisi min, sinyal wifi ical sadayana ti tadi sonten, atuh, ditunggu kabarnya",Internet Mati (LOS)
P-073,"Nuhun sateuacana, wifi lemot pisan ti tadi enjing, susah dianggo streaming, geuning, tolong secepatnya ya",Wifi Lemot
P-005,Assalamualaikum a ini teh gimana eror mulu?🙏🏻,Router Error
P-433,"Permisi min, punten upami tos dibayar ayeuna, iraha deui hurungna, euy, tolong dicek ya",Belum Bayar Tagihan
P-386,"Halo min, internet pareum, ari dicek sigana tunggakan tagihan acan lunas, yeuh, ditunggu kabarnya",Belum Bayar Tagihan
P-849,"Hapunten, koneksi wifi euweuh pisan ti tadi siang, teu acan uih, ditunggu kabarnya",Internet Mati (LOS)
P-359,"Wilujeng enjing, punten upami tos dibayar ayeuna, iraha deui hurungna, geuning, mohon bantuannya",Belum Bayar Tagihan
P-807, tlong. min kenapa ya wifi saya lemot banget dari semalem?,Wifi Lemot
P-054,"Assalamualaikum,pak wifi error dari semalam sampai sekarang",Router Error
P-365,"Wilujeng sonten, bade naros, upami tagihan tos dibayar naha langsung nyambung deui, makasih sebelumnya",Belum Bayar Tagihan
P-078,"Sim kuring bade tumaros, wifi kacida na lemot na, streaming putus-putus wae, weh, hatur nuhun",Wifi Lemot
P-887,"Wilujeng enjing, koneksi wifi euweuh pisan ti tadi siang, teu acan uih, teuing, tolong dicek ya",Internet Mati (LOS)
P-033,"Punten, internet ngadadak pareum, lampu router beureum kabeh, pisan, hapunten ganggu",Internet Mati (LOS)
P-157,"Assalamualaikum a, punten ini internet mati dari pusat kah? tolong dicek ya a",Gangguan Pusat
P-176,"Kak, router abdi mati sorangan, teu acan hurung deui ti tadi, pisan, hapunten ganggu",Router Error
P-574,"A info dong kalau lagi gangguan pusat, biar ga nunggu. min,",Gangguan Pusat
P-393,"Mangga, bade naros, upami tagihan tos dibayar naha langsung nyambung deui, atuh, hatur nuhun",Belum Bayar Tagihan
P-924,"Kumaha carana nya, aya kabel di luar putus keuna dahan tangkal, cenah teknisi keur dianteurkeun, weh, tolong dibantu ya",Gangguan Pusat
P-750,"Punten min, wifi di rumah lemot banget buat main game. nuhun.",Wifi Lemot
P-038,"Hapunten, modem euweuh sinyal, tulisan na LOS beureum wae ti tadi, teuing, tolong secepatnya ya",Internet Mati (LOS)
P-455,"Min tolong, router saya jatoh sekarang jadi error ga bisa nyala. min,",Router Error
P-720," mohon bantuannya, punten min, ganti password wifi rumah saya dong.",Ganti Password
P-319,"Mohon maaf min, koneksi lambat pisan, buka youtube kudu nunggu lila, euy, tolong secepatnya ya",Wifi Lemot
P-363,"Min, bade naros, upami tagihan tos dibayar naha langsung nyambung deui, weh, hapunten ganggu",Belum Bayar Tagihan
P-054,Tadi pagi kan sudah bayar atas nama {Nama Pelanggan},Router Error
P-420,"Hapunten, internet pareum, ari dicek sigana tunggakan tagihan acan lunas, geuning, nuhun pisan",Belum Bayar Tagihan
P-495," tolong ya, min cek jaringan, router di rumah error lampu merahnya kedip cepet.",Router Error
P-119,"Punten, koneksi lelet euy, buka WA wae hese pisan, geuning, hatur nuhun",Wifi Lemot
P-937,"Selamat pagi min, internet di rumah abdi mati total ti tadi enjing, geuning, punten pisan",Internet Mati (LOS)
P-794,"Halo min, internet lemot teuing, main game jadi lag terus, punten pisan",Wifi Lemot
P-508,"Kumaha carana nya, router sok mati sorangan ti tadi enjing, teu apal kunaon, yeuh, nuhun sateuacana",Router Error
P-005,Udah di cabut gimanaa lagii in A?,Router Error
P-648,Min tolong ganti password wifi saya sekarang juga.,Ganti Password
P-318,"Punten, modem euweuh sinyal, tulisan na LOS beureum wae ti tadi, weh, nuhun sateuacana",Internet Mati (LOS)
P-766,"Kumaha carana nya, koneksi lelet euy, buka WA wae hese pisan, pisan, hatur nuhun",Wifi Lemot
P-519,"Wilujeng sonten, router panas pisan, sinyal wifi jadi kaganggu, pisan, nuhun sateuacana",Router Error
P-009,Punteun wifi lemot ju gangguan nes,Gangguan Pusat
P-039,"Hapunten, koneksi wifi euweuh pisan ti tadi siang, teu acan uih, euy, nuhun pisan",Internet Mati (LOS)
P-433,"Permisi min, internet pareum, ari dicek sigana tunggakan tagihan acan lunas, hatur nuhun",Belum Bayar Tagihan
P-311,A naha ieu wifi mati total sekomplek?,Gangguan Pusat
P-672,"Mohon maaf min, hatur nuhun upami dibantos ganti sandi wifi ayeuna, atuh, mohon bantuannya",Ganti Password
P-053,Oh iya Pak 🙏,Gangguan Pusat
P-747,"Min, wifi lemot pisan ti tadi enjing, susah dianggo streaming, yeuh, nuhun sateuacana",Wifi Lemot
P-226,"Mohon maaf min, hoyong ganti nami sareng sandi wifi bumi, atuh, tolong dicek ya",Ganti Password
P-572, min ada gangguan pusat ya? temen saya juga mati wifinya.,Gangguan Pusat
P-190,"Halo min, internet lemot teuing, main game jadi lag terus, weh, hatur nuhun",Wifi Lemot
P-433,"Mangga, internet pareum, ari dicek sigana tunggakan tagihan acan lunas, nuhun pisan",Belum Bayar Tagihan
P-279,Min aya gangguan pusat teu? Ieu muter wae dari tadi tolong dicek ya a,Gangguan Pusat
P-050,ie GE nganggo data,Wifi Lemot
P-428,"Hapunten, bade naros, upami tagihan tos dibayar naha langsung nyambung deui, pisan, tolong dicek ya",Belum Bayar Tagihan
P-888,"Kak, aya tihang kabel ambruk, jaringan sadayana kapangaruhan, teuing, tolong dicek ya",Gangguan Pusat
P-781,"Punten, koneksi lelet euy, buka WA wae hese pisan, ditunggu kabarnya",Wifi Lemot
P-689,"Min mau ganti nama wifi biar ga ketauan orang lain. tolong ya,",Ganti Password
P-392,"Sim kuring bade tumaros, abdi hilap can mayar tagihan, éta nu nyababkeun internet pareum, atuh, mohon bantuannya",Belum Bayar Tagihan
P-339,"Selamat pagi min, kacida na gangguan na, jaringan mati ti tadi enjing sakomplek, weh, tolong dicek ya",Gangguan Pusat
P-404,"Nuhun sateuacana, punten upami tos dibayar ayeuna, iraha deui hurungna, yeuh, nuhun pisan",Belum Bayar Tagihan
P-215,"A, info dong lagi ada gangguan jaringan ya? merah semua nih",Gangguan Pusat
P-109,"Kak, abdi hilap sandi wifi, bade dirobih deui tiasa henteu, makasih sebelumnya",Ganti Password
P-050,"Kak, kacida na gangguan na, jaringan mati ti tadi enjing sakomplek, pisan, mohon bantuannya",Gangguan Pusat
P-879,"Mohon maaf min, jaringan sakomplek katingalna keur aya gangguan pusat, geuning, tolong dicek ya",Gangguan Pusat
P-177,"Mangga, abdi hilap sandi wifi, bade dirobih deui tiasa henteu, euy, ditunggu kabarnya",Ganti Password
P-661,"Min mau ganti password wifi saya, tolong proses ya. euy.",Ganti Password
P-696,"Nuhun sateuacana, punten bade robih password wifi, tiasa dibantos teu, teuing, nuhun sateuacana",Ganti Password
P-390,"Selamat pagi min, internet pareum, ari dicek sigana tunggakan tagihan acan lunas, euy, hapunten ganggu",Belum Bayar Tagihan
P-770,"Nuhun sateuacana, koneksi lelet euy, buka WA wae hese pisan, pisan, punten pisan",Wifi Lemot
P-367,"Kumaha carana nya, wifi mati, sigana kusabab tagihan bulan kamari acan dibayar, yeuh, ditunggu kabarnya",Belum Bayar Tagihan
P-692," punten min, cara ganti nama wifi lewat aplikasi gimana?",Ganti Password
